breach_type,data_exposed,records_affected,jurisdiction,user_impact_level,documents_available,proof_strength,past_case_similarity_score,legal_complexity_score,success_probability
tech,SSN,7027,EU,low,3,low,0.31030711579169745,0.9206281367107758,0.46149841478173625
retail,SSN,69228,EU,low,9,low,0.3991261004449661,0.09363289333362923,0.5137963142748414
healthcare,SSN,361750,Global,high,0,medium,0.2422571575847674,0.9550631871262365,0.7694505478276079
tech,full name,139981,Global,low,8,low,0.20348799455531252,0.6109263874834779,0.37500799712560984
tech,credit card,24816,EU,high,3,medium,0.9545538424175,0.001268076915490246,0.9301465819988385
retail,full name,6039,India,high,6,medium,0.9185216027705179,0.894007197916806,0.8380534988829029
healthcare,credit card,89004,EU,high,2,low,0.04699250100311747,0.5217118013669183,0.6104731346494557
healthcare,full name,48386,India,medium,9,high,0.33881302160484816,0.26266973533048454,0.6900316323879305
tech,full name,131977,India,medium,2,high,0.40514855367840663,0.7672791775156301,0.727502133238563
finance,password,78459,Global,low,7,high,0.23901453466594336,0.92666555388687,0.65574576039889
tech,full name,179711,India,high,7,medium,0.6288728969881755,0.4836908231467939,0.8446154690565967
tech,email,7551,EU,medium,0,medium,0.640380746644241,0.3155534744431109,0.5083393684958851
tech,password,307056,Global,medium,9,medium,0.8505042283285971,0.7889451239349268,0.7214786560547404
tech,full name,32702,US,medium,1,low,0.7408692683852178,0.6817854977884547,0.4137273187583713
retail,SSN,1397956,US,medium,7,medium,0.5425733269659556,0.8887524837502724,0.855585946868688
healthcare,email,5550,Global,medium,0,low,0.6535867700444199,0.692514012761193,0.35200903749565265
retail,email,709224,EU,high,7,low,0.2739887815430181,0.2435283388995363,0.6246331502236943
retail,email,32722,US,high,7,high,0.5930561899673576,0.931659249759019,0.9306588518103214
retail,password,5985,US,high,1,high,0.48922725474991924,0.10483574720599131,0.7538136843129066
tech,full name,8368,India,high,3,high,0.1333444673163704,0.26794275010684787,0.7555023073688335
finance,full name,11606,India,low,5,low,0.24254427658297073,0.5201946077238856,0.405301277149019
healthcare,SSN,51448,EU,high,8,low,0.29169345072158603,0.5657420260709014,0.7579658548500043
finance,SSN,62672,Global,medium,7,low,0.924309567052558,0.015310586626905431,0.8536752757550787
retail,email,6992,EU,high,7,medium,0.23038663938588944,0.78057272582094,0.847318094338978
retail,SSN,20979,Global,low,6,low,0.28924390281966816,0.3616073184253895,0.5970465400235474
finance,password,1598443,US,medium,8,high,0.3693541300894323,0.4064185410021378,0.6898563883170907
finance,full name,697380,India,high,1,high,0.663742738625387,0.8093695444369458,0.7766752308052879
finance,email,52714,EU,high,2,low,0.11823839247214052,0.37928339172754455,0.4549919851041113
retail,SSN,23765,EU,high,9,low,0.9539452124937761,0.04722487649475482,0.79646048467891
retail,password,28002,Global,medium,7,high,0.8655712200947645,0.1764397704703503,0.8184523194942356
healthcare,password,75134,Global,medium,5,low,0.5772160730089502,0.9559031723881823,0.4643298706044241
healthcare,SSN,2848,EU,low,9,high,0.6740378674249567,0.07040536240251416,0.892743941430471
retail,full name,13164,Global,medium,8,medium,0.01666047124421599,0.3549312009680162,0.7324657502525832
finance,SSN,782,EU,medium,9,high,0.3389447753484487,0.5031791670513446,0.975195917120184
finance,email,48944,EU,high,3,medium,0.795660230661442,0.49328082733856005,0.8576922851056236
healthcare,SSN,80369,EU,medium,7,low,0.07748297379238589,0.003959943012142753,0.5800676759004685
retail,password,8380,US,high,9,low,0.2823138342107202,0.5011627314574904,0.6029296481976167
healthcare,SSN,512970,Global,high,2,medium,0.5852968283343113,0.3837724579774092,0.7713784232163157
healthcare,full name,1897,India,medium,2,low,0.2564130276989418,0.9720793354745572,0.44710971848788716
tech,credit card,1177,India,low,7,medium,0.9339779741445192,0.15915908399382983,0.7823702795655251
tech,SSN,34506,Global,low,4,low,0.13105863080429037,0.354154196759495,0.4925816729042917
tech,full name,178831,EU,medium,2,high,0.7973943579077786,0.41948148508981975,0.7214237123894309
finance,full name,639125,India,low,9,low,0.5079486919064082,0.3906935371009488,0.3780554266638037
retail,password,8797,India,high,0,high,0.750330775819956,0.6658308276518625,0.6939656294217458
retail,full name,190491,Global,high,2,high,0.31071532831144744,0.21551285754776883,0.7909348305160404
retail,full name,20393,India,medium,8,medium,0.5144896023120388,0.22107155281399182,0.674044565205808
retail,full name,15595,EU,low,4,low,0.8568353497231763,0.7292109485008531,0.320001386518883
tech,full name,128968,Global,low,9,medium,0.4668780991231044,0.5002905186781796,0.5515746655280981
finance,email,81197,EU,high,1,low,0.3597198619102696,0.4151556760573104,0.45165858351076377
finance,email,941,India,medium,6,high,0.5361553862527361,0.1692030516772518,0.791953564619745
tech,password,422135,India,low,1,high,0.7173627530363669,0.1875272229121666,0.5481956098061107
finance,SSN,348078,EU,medium,3,low,0.44356334549850274,0.010551636815900545,0.5536454424527016
tech,full name,6303,US,low,6,low,0.938876975142273,0.09142626886170924,0.5208533694566508
retail,SSN,48611,India,high,3,medium,0.29494582404234204,0.556838694690241,0.8130415355761388
tech,SSN,59163,US,high,6,low,0.4754636061691204,0.8918731300084098,0.7880164287168082
retail,password,37099,India,medium,6,low,0.7569276593414415,0.28716476513055744,0.5276449670647226
retail,full name,7327,US,high,0,low,0.6891210904957582,0.32774722589612815,0.5443591222615864
healthcare,full name,5748,US,low,5,medium,0.8636410524171562,0.1156056106115122,0.5667825499813727
tech,credit card,20929,US,high,8,low,0.9968091806811089,0.38863094560710276,0.8534155613977739
healthcare,SSN,229913,EU,medium,1,high,0.42685832879508956,0.03722170456932916,0.8244358049858531
tech,SSN,65329,US,medium,2,medium,0.11115087978331184,0.9176006962619002,0.6851172010313292
tech,email,10496,US,medium,9,medium,0.030415880807967977,0.6731113481245287,0.665796072902671
healthcare,credit card,103094,US,low,4,high,0.7268769061397716,0.9907488093932189,0.6940049151441465
healthcare,email,73,India,low,8,high,0.8740136713087157,0.8828231626784937,0.7714331172155658
tech,email,219154,US,low,3,high,0.22071258594441867,0.47299059369815266,0.5648506056051164
finance,email,678,India,low,0,low,0.15844803718990597,0.5196850311503769,0.24292305887761814
retail,password,10669,US,low,3,high,0.06220509152569098,0.19057604651719384,0.5553811615710109
healthcare,password,2346,US,high,5,low,0.8227029217172064,0.4620393428395556,0.6043124143155771
retail,email,1653,EU,low,4,medium,0.31138193989258434,0.9030278734928117,0.5458535523167382
finance,credit card,224505,India,low,0,medium,0.4016968927597765,0.05085342363582113,0.5500760198399735
finance,SSN,8643,US,high,3,high,0.5027501916096123,0.8635568029983097,0.8758056946088157
finance,credit card,44046,India,low,5,low,0.8394532342095508,0.34094780164260974,0.6493711812382632
healthcare,full name,20053,India,medium,9,high,0.6508332215614849,0.8995127650963098,0.7435593439367749
finance,password,57186,Global,low,9,high,0.6150646298578113,0.9408799063414847,0.7565529246983083
healthcare,SSN,25684,EU,low,3,low,0.1756720999559107,0.6708648870019059,0.5319137985921014
finance,SSN,1692,EU,medium,8,high,0.5131898917098298,0.6644237865926779,0.89600421737282
retail,full name,161544,EU,medium,4,medium,0.7153810171786552,0.4527543377087401,0.6354000123809712
retail,full name,8204,Global,medium,7,high,0.9732608830304917,0.8355402245437075,0.8365286759963403
tech,email,979,Global,medium,8,low,0.20140630921335223,0.9616127584332832,0.5115920731622908
retail,password,9355,EU,low,9,low,0.009543353067226645,0.7750818003391192,0.4924662530683759
tech,password,443086,Global,medium,4,medium,0.07530143359846975,0.6219367337567092,0.522794199713991
retail,credit card,120625,Global,medium,5,low,0.37585246518197923,0.6067928958213368,0.6222568942742481
healthcare,email,10967,Global,high,0,low,0.8205446477459871,0.8494699015836623,0.5572205897156863
retail,email,10954,EU,medium,6,medium,0.0071420817682450455,0.5412037657712984,0.6145667667598672
tech,email,11576,EU,medium,3,high,0.4567305928858403,0.8038598862488227,0.6388840734952592
tech,email,1402120,EU,high,1,medium,0.32923061534139453,0.5088852551742458,0.626073795622627
finance,password,47281,Global,high,4,high,0.052481710099727574,0.06244427497392413,0.8155301980953236
healthcare,password,52056,EU,low,2,medium,0.4502362866726173,0.38394700890415523,0.43538158015984685
retail,email,172916,Global,high,5,high,0.25474870733671884,0.4444409576714987,0.8531932902740491
finance,credit card,35510,US,low,7,medium,0.35188483434700646,0.1416172449866172,0.6663577287309724
retail,SSN,13120,Global,high,6,high,0.705615304784293,0.10249632918921281,0.9845101763074995
retail,SSN,14872,India,high,2,medium,0.5215509839109671,0.5354649496569541,0.7901507843784653
finance,credit card,19087,EU,low,7,high,0.12464742899281334,0.08514363655608215,0.8419656138988678
finance,email,20446,EU,high,1,medium,0.961414540423639,0.30294516789008397,0.7142163530916184
finance,password,94396,India,low,9,low,0.6359107657097384,0.744596975963076,0.4044902741980707
finance,SSN,24437,Global,high,8,high,0.7658684256625315,0.9644321795679808,1.0
finance,full name,95347,US,medium,3,medium,0.07921315000837081,0.7178705805519285,0.5562466670225761
retail,full name,18742,India,high,0,high,0.047058379460018895,0.9926255484528702,0.610745603223436
finance,credit card,25777,India,low,7,high,0.01944805036808117,0.6983379712794027,0.7352353874356583
healthcare,email,404,Global,high,6,medium,0.18879402777344445,0.2937944706543275,0.7603705605225607
tech,SSN,137675,EU,low,4,high,0.41440839771849514,0.6720525405053619,0.8259190009801218
finance,email,44045,Global,low,9,medium,0.9358261334028228,0.7021567651969038,0.6453587348791802
finance,SSN,162108,India,medium,4,low,0.4570596592657763,0.3717269846164606,0.5689599234562659
retail,credit card,67,India,medium,6,high,0.2902551053725294,0.017713850609389015,0.8156243961832818
finance,credit card,1435106,EU,low,4,low,0.5619352535196633,0.703199784775487,0.6026680676963967
finance,full name,16660,EU,high,7,high,0.11193457813478924,0.02170009527554162,0.9132859883294671
finance,email,202069,EU,low,5,high,0.6095058910049832,0.6311880780600712,0.6760544315390784
retail,full name,2752,Global,low,4,high,0.5684319543305033,0.16361648874255508,0.7007428937963235
finance,email,75022,EU,high,8,medium,0.7919930334057097,0.5656035277480433,0.8403952583282507
tech,full name,2678,India,high,1,low,0.9866876116170241,0.5039130253806,0.5021169136308183
retail,password,6326,India,high,0,high,0.2508734717161105,0.013513642306182572,0.7028439594241216
tech,password,1012631,US,high,7,medium,0.5096564508037607,0.36286581699510345,0.7594793612669865
retail,password,15042,Global,low,2,high,0.9088654063190036,0.6010911673963028,0.5511041497392414
finance,password,34025,US,low,6,medium,0.7851898844228413,0.8486065518987798,0.6470993439226476
tech,SSN,125509,India,medium,9,high,0.48740630310080757,0.8886421138365173,0.9915285686882851
retail,password,59359,US,low,7,low,0.9453716496147778,0.4838499700332233,0.4308502509371073
healthcare,credit card,29757,India,high,5,low,0.05723669351680938,0.7284224872994381,0.6438837852295881
finance,credit card,45703,US,medium,9,high,0.930998619712584,0.31645457653345765,0.970847377289608
retail,SSN,2694790,EU,high,8,medium,0.05050739238280655,0.34218640575865744,0.8694854975792977
healthcare,password,19628,US,low,6,high,0.5473047441146843,0.19446351918231375,0.7085549125697368
retail,password,32931,EU,medium,9,medium,0.8904409480010858,0.5619481099932393,0.7414465866883881
healthcare,password,180107,EU,high,4,high,0.2627209435613028,0.3145641509273652,0.8545174072379607
finance,full name,200998,Global,medium,7,medium,0.4722484989451585,0.08437089643850504,0.7130877361562151
tech,email,236584,EU,medium,1,low,0.3243288791369666,0.6850060866631787,0.3302040464301128
healthcare,full name,79020,EU,low,6,high,0.9521439170763514,0.7077532076053982,0.6306579486133128
retail,email,2239,US,high,3,low,0.8236455947530908,0.35999241877905785,0.5813373586891679
finance,password,577730,India,medium,8,low,0.7090015113263796,0.0767233994560228,0.48538374562082404
healthcare,password,2224,Global,medium,0,high,0.5876269866151087,0.4262977174034259,0.5759149368154691
retail,full name,40346,EU,high,6,high,0.8205917893241481,0.44233545805021546,0.875972840027581
retail,full name,4872,Global,medium,5,medium,0.3922670415235471,0.668670884897893,0.6138053484081832
retail,email,19374,US,medium,7,medium,0.4475518551060619,0.3154163912586835,0.6289534725142635
healthcare,credit card,42511,EU,medium,4,low,0.7300017210808615,0.6825992797813054,0.6067363417025887
healthcare,email,41886,US,high,0,medium,0.35775476329371425,0.8714885417573883,0.6430707052519614
healthcare,full name,51217,Global,high,0,medium,0.06390094204837382,0.23748604236219983,0.613547518583584
tech,full name,555388,US,high,8,high,0.07433460888607146,0.9789195561198998,0.9340584496619059
healthcare,SSN,54560,Global,high,9,medium,0.11536280130570387,0.38636813713680696,0.9120436064177593
healthcare,full name,13516,US,low,5,low,0.8696813233436628,0.26725868514706175,0.4505290887792786
healthcare,SSN,151474,Global,medium,9,medium,0.4722264257562043,0.4215111825102905,0.9052532134603034
tech,credit card,237741,India,high,4,low,0.7128823693447365,0.09439747590385916,0.6677551890876178
healthcare,email,1890,US,medium,0,high,0.3929093356048933,0.12570590651211566,0.6295723588956744
retail,email,72751,US,medium,5,low,0.2587109474156345,0.4144340469683314,0.5409883309113463
healthcare,SSN,89531,India,low,5,medium,0.34719216756221194,0.7624445219391001,0.64027120045434
retail,email,12147,India,high,2,high,0.7941823453171836,0.9003122395744909,0.8585501918119013
retail,full name,345039,US,high,7,medium,0.6252161250314382,0.6648179907162709,0.915407416518223
retail,password,16315,India,medium,0,high,0.937639779957902,0.10521955523816973,0.6826563115213317
tech,SSN,28315,EU,high,0,high,0.679704778576834,0.672019762180535,0.8976956962906896
tech,email,15581,Global,medium,5,medium,0.5701816317546939,0.6354279207029719,0.6010293607190065
tech,SSN,22723,Global,medium,9,medium,0.6101960089858345,0.8057639182933313,0.9144797973506298
healthcare,SSN,2458,Global,low,0,high,0.9423714394684146,0.8252486666521809,0.6429576113149857
retail,password,1236,EU,low,5,high,0.7882009298667061,0.8682030757789789,0.6973071331186887
tech,full name,534458,India,low,0,medium,0.024041237366437818,0.41413151457909836,0.375958879103195
tech,SSN,4048,India,medium,5,low,0.5341396961356972,0.6978643953521443,0.48860131901444326
healthcare,email,3032,US,high,2,medium,0.6883384115465648,0.26825035892231075,0.6991240103314442
tech,credit card,296,India,low,7,high,0.748698478439155,0.9993362799835043,1.0
healthcare,SSN,6136,US,high,5,medium,0.21314211931393667,0.17533424137685993,0.7667213908178703
finance,SSN,1562,EU,low,0,low,0.8671773544513522,0.01011443166083581,0.4340231357444785
tech,password,587734,Global,low,4,medium,0.9558431471751637,0.148808714518176,0.4682285458807854
finance,full name,165981,Global,medium,7,high,0.23671530584486977,0.7758722895441267,0.7289644586442281
healthcare,credit card,5561,Global,low,2,medium,0.8826154575172458,0.4467836765082115,0.5517727030107095
retail,email,1992442,India,low,5,high,0.09697876251609538,0.4475002478104283,0.6176749926014704
tech,credit card,156926,US,medium,4,high,0.055706836115245184,0.9550229196116685,0.8652509237745044
healthcare,email,11502,US,high,5,medium,0.12922380010274936,0.9196349080280742,0.7334093116487296
retail,full name,148,EU,low,9,high,0.057741079467035994,0.3111947378040092,0.609264984473825
retail,email,2151950,India,medium,0,high,0.8450122371557759,0.20905812878086616,0.6040314858857813
finance,password,1367,EU,low,6,low,0.05905014445827195,0.8484822099337397,0.3995186487501092
healthcare,password,819,US,medium,8,low,0.2716641913636555,0.9060190710443632,0.4822202196294195
retail,password,170270,US,high,1,low,0.10375634353585639,0.5415969227984869,0.37393587892780356
tech,password,2897922,Global,high,9,low,0.29542203631376496,0.6294237111171005,0.6175858506262786
tech,credit card,351001,India,medium,4,high,0.09055946760092048,0.2569142846922934,0.7818205362964717
finance,full name,68037,US,medium,9,medium,0.668003250743014,0.8008026879785246,0.7373782209369837
retail,email,72367,Global,medium,3,high,0.13332681634257515,0.6321224284490231,0.7182675516501034
healthcare,email,121398,India,high,5,high,0.8518459258388879,0.5035135112979966,1.0
tech,password,100494,EU,low,5,high,0.817191050726641,0.060108556078395825,0.6986224506796466
retail,password,38653,India,high,1,medium,0.01366168547060942,0.9159349625111537,0.6136647766880379
retail,SSN,27130,India,medium,1,low,0.8957263555151146,0.615451420384406,0.5396067683868052
finance,full name,19434,US,medium,3,high,0.02894431674336706,0.19269109469296797,0.6160255929632594
tech,credit card,4875,US,high,0,high,0.23964578495755662,0.6063861169830528,0.8881673908228026
tech,email,12564,India,medium,8,low,0.03238913777599506,0.6774633542399734,0.48942252377026063
healthcare,SSN,745,US,high,6,high,0.335843487039316,0.5257703366832255,1.0
tech,SSN,18093,US,medium,6,medium,0.5138665257132716,0.7181017379560225,0.8925354360777439
healthcare,email,3049,US,low,2,high,0.7966448690151381,0.5814539479286243,0.5762331283071843
tech,credit card,2423,Global,low,2,high,0.33798155046983613,0.9477695820321482,0.7688191769313909
finance,SSN,31564,Global,medium,0,low,0.7054900246731167,0.053697078599306836,0.549200469269882
tech,SSN,356469,India,high,2,high,0.18750445711898034,0.1062457084695605,0.9015203542608088
healthcare,full name,138224,US,low,2,high,0.7505984567441264,0.17367163695433985,0.5526503883210455
healthcare,credit card,952,Global,high,3,medium,0.23599660590923754,0.6901710706043321,0.8390559603434291
finance,SSN,3043,India,medium,3,low,0.14354475594376792,0.6455958727498087,0.5329021782010644
tech,credit card,144573,US,high,2,low,0.1854088503740543,0.892058860209694,0.6520113278471908
tech,email,3087,EU,low,9,medium,0.18206312888185539,0.7328774528838984,0.5631150596001642
finance,password,14055,US,high,7,high,0.5128628793769912,0.5083554875645923,0.9496267664869051
tech,SSN,66178,US,high,7,low,0.8447975811881461,0.9918317924636303,0.8328911994789768
tech,full name,3175,Global,medium,0,low,0.07960507699250563,0.26610795616929916,0.40985338521108544
healthcare,email,27193,India,medium,6,high,0.7069563184934227,0.833191659785454,0.7869182829295559
tech,credit card,1528,India,medium,1,high,0.6543464596528576,0.42679037219391935,0.7687059078641104
tech,email,6616,Global,low,0,low,0.8725199518293624,0.6487351388757342,0.304557684522999
finance,SSN,41754,US,low,2,high,0.24414756050690722,0.727268470452434,0.7383083088420643
finance,credit card,910,EU,medium,3,low,0.4501098586850296,0.6337540871903363,0.6385159101098666
retail,password,53154,US,medium,5,high,0.9258273744435174,0.14050730310859327,0.8009218096644767
healthcare,email,21178,US,low,9,high,0.6599934501353172,0.44295101074793275,0.732953803053771
tech,SSN,66501,EU,low,4,medium,0.3887684128615969,0.5614383779331243,0.6759037441547808
tech,full name,34469,Global,low,3,high,0.13141238285526846,0.8490437591785968,0.4992475976041206
retail,credit card,337149,India,low,7,medium,0.26248500790059104,0.4436457487985723,0.7774521728783639
tech,email,28295,Global,medium,3,high,0.5812154774893833,0.9187473048042515,0.6352287261429049
healthcare,email,9331,Global,low,9,low,0.7181679475605137,0.4403742230252107,0.41801686096681184
retail,password,28130,US,medium,1,low,0.12442188685189348,0.5487798592630116,0.3451935429112627
healthcare,password,65290,India,high,2,high,0.599597260044054,0.796285682942801,0.7539667392971282
retail,full name,24287,India,high,5,high,0.550351278838751,0.5830676844221436,0.8948429978526476
retail,full name,23889,Global,low,7,low,0.513955446690708,0.9602180723828246,0.47376317830257986
finance,SSN,5410,EU,high,7,high,0.690123117682008,0.6603358305141276,1.0
healthcare,SSN,5850,Global,high,8,medium,0.8374495950834618,0.522709454067601,0.9274682597097438
tech,full name,1332,EU,high,6,medium,0.3229896831768684,0.023591967780795864,0.763626973560857
tech,full name,728799,India,low,1,medium,0.8890121901109594,0.41373289758032983,0.4662756455550251
healthcare,credit card,1830,Global,low,7,medium,0.1606336126185507,0.29924841926016044,0.7271726981069635
tech,password,5509,US,high,6,medium,0.17302386975116435,0.7481056678874892,0.7258004867037345
tech,SSN,5235,Global,medium,7,high,0.2667720636239239,0.20827767515354578,0.9528180832620696
healthcare,password,131906,India,high,2,high,0.11953086954707781,0.20522008729407182,0.7046250350693644
retail,password,12211,US,low,6,medium,0.23031922468287758,0.18951904323737678,0.5744875957247434
healthcare,full name,267128,US,low,9,high,0.1064117629028446,0.12561561315623593,0.7004435549945721
retail,credit card,5727,EU,low,8,high,0.8217524169853904,0.3110070036708874,0.8554454667659204
tech,email,38483,US,high,2,medium,0.1389689918866246,0.8859221144434251,0.5852889756795883
tech,credit card,4143,US,medium,9,high,0.7472975575598568,0.774928472305955,0.9985480635794528
tech,credit card,1607672,Global,low,5,high,0.04791386791333374,0.7352512163067935,0.6887364027556119
finance,password,2048,India,low,1,high,0.9485203275139151,0.7973368056499627,0.6304352704959946
retail,credit card,40930,EU,high,1,medium,0.7111600875277662,0.26941788932957167,0.8016641396086254
finance,SSN,78241,Global,medium,4,high,0.006796548586111784,0.8874416907524878,0.814941734763693
finance,password,50392,US,high,4,low,0.763856500200214,0.1373033751416044,0.6236864459375827
healthcare,SSN,15205,US,low,6,low,0.5140819207661853,0.33634572671558194,0.6056059180977234
finance,email,16989,EU,medium,1,medium,0.7793651703351198,0.5867481189673429,0.5582624207824575
healthcare,password,24043,India,medium,6,low,0.5224968088905885,0.10290508834200063,0.5761805014191546
healthcare,email,16415,EU,low,4,medium,0.6410248576353547,0.7301301877764249,0.5004830704960228
finance,password,151411,Global,medium,5,low,0.7863316553950405,0.38724604820347497,0.5642509902041853
retail,full name,1832233,EU,medium,7,low,0.4051080545878567,0.7844056656084001,0.48657963187533193
retail,credit card,7222,US,high,9,low,0.002708149820452088,0.49289628558460274,0.7758032645353019
retail,full name,1422,Global,low,3,medium,0.8499464959451885,0.18087452442533636,0.508600984771171
retail,email,18461,US,low,6,medium,0.3808903626246626,0.7347618113553444,0.5025347331440068
retail,credit card,3833997,India,low,5,high,0.49604272601658306,0.25214395583894356,0.812436413458877
finance,password,4414,US,low,9,medium,0.007766642153968717,0.4908103012680428,0.5490553395578605
finance,credit card,584337,US,low,1,low,0.492092010350098,0.07553326915690761,0.35207292556090336
tech,SSN,631214,EU,medium,7,low,0.9864874015717295,0.6178666544120367,0.6429654630291866
retail,credit card,7279,US,high,9,medium,0.27826766081876964,0.6658577662162772,0.9202135744110024
finance,SSN,68731,Global,low,8,medium,0.3954182702423781,0.37867420997278356,0.8204531250593291
tech,credit card,571942,Global,high,4,medium,0.6871899964686766,0.9544227803210739,0.9047697500571633
retail,SSN,10319,India,high,9,high,0.8147936675236587,0.8741689214820684,1.0
healthcare,email,14659,Global,medium,3,low,0.4173916240061003,0.7079409157399947,0.4858326381850029
tech,full name,6881,EU,low,5,high,0.30966887040129254,0.7136520744937427,0.6763280679338572
finance,password,2894,India,medium,7,high,0.9378257999850671,0.25240171494215125,0.907361533897976
healthcare,credit card,6011,Global,low,2,low,0.6771449666716692,0.656815231088449,0.5119093848843023
healthcare,full name,1904,EU,medium,9,low,0.11902130449314108,0.19820626523551965,0.5561972466048745
healthcare,password,23580,Global,high,0,medium,0.06892787813464862,0.14400322391982212,0.593448214364093
tech,password,4722,Global,low,3,medium,0.48354985079036905,0.9994678942025802,0.4644797377082155
finance,SSN,35156,US,high,3,high,0.22009006604727244,0.6223759314731742,0.8301449696345475
healthcare,email,980,Global,high,0,medium,0.2539847533762535,0.4309878726571905,0.5493417055479728
retail,email,42691,Global,medium,8,medium,0.8776921788278482,0.28816452288395134,0.7930160667328526
healthcare,full name,116664,EU,low,2,low,0.08956602431631067,0.6039204436622274,0.24990606062690246
healthcare,email,408,EU,high,4,low,0.7153641152288897,0.049593508220086124,0.5842634589675212
tech,credit card,46542,US,medium,5,medium,0.27114225338058806,0.09468099050479506,0.7188249786807367
tech,email,256616,Global,low,7,low,0.7603282214041377,0.032856697740396346,0.44847834353245264
finance,full name,1960,US,low,5,medium,0.7224113844635446,0.49916983326266173,0.5717866801071831
retail,email,624773,Global,high,2,low,0.007391901444293025,0.6006066291871826,0.485367299037367
tech,credit card,50921,India,low,5,low,0.5091354129215991,0.06247976135782085,0.5279804929333767
healthcare,SSN,5377,India,high,0,low,0.13931948237804637,0.7212244674989166,0.5375050769569197
finance,full name,19701,US,low,3,low,0.8662270305786768,0.2303950715145644,0.4187314813153111
healthcare,SSN,67282,US,medium,5,medium,0.8715858828624066,0.6852014537698661,0.853421914608152
healthcare,SSN,25642,US,high,6,high,0.41834580749375805,0.9818971400352456,1.0
tech,SSN,64699,EU,high,9,low,0.44439561845108055,0.6911058700538512,0.8708555911485266
finance,password,3493,EU,low,2,medium,0.3032829394045271,0.8831930529236085,0.41507457451993485
retail,password,30906,EU,low,8,medium,0.716606298960031,0.9481985067430674,0.6192096713719214
retail,SSN,1303,US,high,6,low,0.3586613630264591,0.48675104835231553,0.7934241250238032
tech,full name,17633,Global,low,0,high,0.26779247452263377,0.7023249794197068,0.4332038793693627
tech,credit card,3612,India,medium,1,low,0.43223105950450824,0.8519692535558417,0.5346755928630569
finance,credit card,5059,US,low,0,medium,0.09148751838745872,0.3566089128743861,0.5102585767017008
retail,email,260976,EU,medium,8,high,0.7466032046442038,0.2613973165603949,0.9635252910428765
retail,full name,195364,EU,medium,8,medium,0.012596401271786961,0.9465985727783387,0.6562531152104325
retail,password,74479,US,medium,6,low,0.6444850615205939,0.726303500368818,0.6022954944302761
healthcare,SSN,2478,US,medium,9,high,0.18286452675487241,0.21968213337582632,0.9597836133678295
retail,email,11698,EU,medium,2,medium,0.23240404621441313,0.4490833926761134,0.4754123244643919
healthcare,credit card,249245,Global,low,4,medium,0.6356319986400399,0.7964517695378094,0.6061220079659689
finance,password,29244,EU,medium,3,medium,0.9929434657829072,0.5470629909184421,0.6516450768466054
healthcare,password,2277659,EU,low,6,low,0.7777174890725507,0.6499520981658891,0.5206384820146028
finance,SSN,48370,US,medium,8,high,0.22583963222339198,0.7537682020450523,0.9369797042004981
retail,credit card,32341,Global,high,1,low,0.1760247550411338,0.6220091888089806,0.6015450657049722
retail,full name,11869,EU,medium,7,low,0.8662328702676704,0.5400793219221958,0.5724189543793046
finance,password,28769,EU,high,8,low,0.4441839479215043,0.7496142843877734,0.5782203324623303
tech,SSN,16237,India,medium,9,high,0.13705280282815546,0.7275630354322007,0.8656792444033651
finance,full name,90782,US,medium,9,low,0.8622114233219381,0.6298724001831789,0.5051054578902089
tech,credit card,149253,India,medium,8,low,0.8160923529142614,0.3597894133819296,0.6764569053357637
healthcare,password,4573,India,high,9,low,0.9839063638971636,0.4058120922002716,0.672090224518249
healthcare,full name,1536,EU,high,6,low,0.9097436867126839,0.9704385488840974,0.7097751697471177
healthcare,full name,559,US,medium,8,medium,0.8517903386605417,0.11238593229152583,0.7129256708262744
retail,full name,60838,Global,low,8,low,0.05257439781100315,0.2685049172528353,0.41803872905858624
healthcare,password,2424,EU,medium,2,medium,0.10441536949811803,0.4924017592043357,0.5272029975086459
tech,password,297,Global,high,3,low,0.5689831943041228,0.8367296861437858,0.5718507612045609
healthcare,email,47913,Global,medium,1,high,0.5314792462818209,0.16367566372972786,0.5814071780523192
finance,credit card,3223566,US,high,9,medium,0.4579632144895355,0.27695461812460986,0.998756007205131
finance,SSN,21760,India,high,2,medium,0.3967893254145842,0.06579821779523898,0.7293200832937787
retail,full name,117828,US,high,4,medium,0.4312104848643289,0.7059852660508185,0.6907303883671027
finance,email,25943,Global,medium,4,medium,0.5692979341347952,0.23820943547561613,0.6258845230246506
tech,SSN,18073,EU,high,5,high,0.002076517600081207,0.3886747506709505,0.9882148941674955
healthcare,email,138434,Global,high,6,low,0.2607087741328522,0.44370144702966785,0.6750363441908229
retail,password,12325,EU,medium,6,medium,0.5182797206887111,0.8913139356064557,0.7202295480752907
healthcare,full name,37600,EU,high,0,high,0.7222160986736462,0.4113302903312368,0.7930174277401576
healthcare,SSN,41914,US,medium,1,medium,0.17415669239539633,0.14522501991524905,0.6059568727641745
tech,SSN,5789,Global,high,8,low,0.546881173787433,0.524314938340121,0.8642066413823037
finance,SSN,160185,India,low,9,medium,0.7144596838857817,0.9629579946486296,0.8223788048842432
finance,SSN,15523,Global,low,1,high,0.4446276579139047,0.607685641050811,0.5546490129401073
healthcare,SSN,4858,Global,high,5,low,0.02708113367005105,0.9833872204605726,0.6916849011722914
retail,email,64409,India,low,0,high,0.4492681584656367,0.8411073089388701,0.5250286870156528
finance,full name,3652,US,medium,2,low,0.2964448877441531,0.0359657562134128,0.36387379550214344
retail,password,23303,Global,low,1,low,0.9296496077013283,0.6583995953770418,0.268673702155321
finance,password,21628,Global,high,2,low,0.12461338567832736,0.28676687755788366,0.5781700994649265
retail,password,193259,EU,high,4,medium,0.6524759555072321,0.5596168556447239,0.7407996030992686
tech,password,56919,Global,medium,9,high,0.05271976633450115,0.27934519093122656,0.7621922483411532
retail,email,20951,India,high,5,high,0.4461704378126965,0.3488704166052904,0.7791673380375164
tech,credit card,113044,EU,medium,8,high,0.5539794872200806,0.9231687117541794,0.9247798989321963
tech,full name,355192,US,low,9,low,0.29795493131686546,0.2066431848917053,0.3849034616630914
retail,SSN,67212,EU,low,3,medium,0.45507563552038444,0.8741091180258305,0.6894563250590036
tech,credit card,22487,India,medium,6,low,0.16355379453018737,0.030457808070496806,0.6715870604993214
healthcare,password,1597,India,medium,5,high,0.30412384946803617,0.09087653836964837,0.7018842003064772
tech,credit card,2616,EU,high,1,medium,0.621106324910203,0.8546750413842635,0.8201356444243312
finance,full name,11962,US,low,9,medium,0.3018000558611551,0.6305560309091953,0.5675039982990617
retail,SSN,6509,EU,medium,7,medium,0.8997430784088717,0.7472361380395502,0.9016988437398143
healthcare,SSN,15154,US,low,6,high,0.6284069576409897,0.20941767082185425,0.8543288901233843
retail,full name,24668,EU,medium,6,medium,0.4386490184359845,0.5370834555901035,0.6948782623675785
finance,full name,63537,India,low,7,medium,0.03875693555418247,0.7372192235713048,0.5688582897252557
finance,password,19129,Global,high,0,low,0.49954833520467123,0.6273141370102625,0.4710073160787126
finance,SSN,58279,Global,low,0,low,0.7647762421250892,0.4716987668912095,0.4892680397367876
tech,credit card,25058,US,low,7,medium,0.26555759801241363,0.9597837864377148,0.7585838974549175
tech,email,423,US,low,3,medium,0.8067735696487673,0.6761573334534453,0.5038322688285788
retail,email,3365,US,low,4,low,0.2518067660508815,0.9077508002412379,0.3402830393058294
retail,full name,16511,India,low,7,low,0.8237463879508005,0.7297705115736812,0.5438831681949334
healthcare,password,1959,EU,high,4,low,0.0852683416116774,0.7354635285976832,0.5341479569085785
healthcare,email,73120,India,medium,9,high,0.8661837088690295,0.08001826975767934,0.8179174500190479
retail,SSN,470476,Global,low,3,high,0.4991864509333305,0.35946462185394357,0.7083617279868313
tech,full name,252085,US,high,5,low,0.296537589620262,0.8583694067196584,0.5933056643703386
finance,credit card,14373,EU,low,4,medium,0.26511325041514877,0.23260386214875595,0.6037684849142361
retail,full name,434283,Global,low,6,low,0.43201055893036266,0.11550586615646619,0.48744082708475156
healthcare,credit card,29653,Global,medium,9,high,0.999049498103645,0.32610605663879344,0.9480140321225106
tech,full name,11224,Global,low,6,medium,0.22032739343758256,0.22043788489261396,0.6259361256197293
retail,full name,6458,India,high,3,high,0.10321664887899962,0.9252881947931552,0.7360601490942775
retail,full name,12028,US,high,4,medium,0.5850351687186619,0.8679666420021311,0.6746666491904834
tech,credit card,10133,Global,medium,2,high,0.4885424664402571,0.4996832302829042,0.8183130335722946
retail,credit card,30971,US,low,3,medium,0.5241962710633074,0.06134387448386802,0.5947676691956163
tech,full name,30368,India,high,3,medium,0.6669354175572171,0.7145623460931563,0.7084121298072348
finance,email,22161,Global,low,2,medium,0.2671440698706493,0.6234117313362646,0.4078372304070983
tech,password,52779,India,low,9,medium,0.9106649953838885,0.9705546707284959,0.6883201629318435
tech,password,238301,India,low,4,high,0.43567206612229037,0.558953240270377,0.6204046871091107
tech,password,147135,US,medium,4,high,0.12908619514246178,0.3363937234029094,0.6234835779105194
retail,credit card,1130,Global,low,6,medium,0.7422987567339443,0.5190216935785558,0.7243780486520941
retail,credit card,133,India,high,3,medium,0.6431043526178503,0.9792632914045163,0.8895577977414415
tech,email,142719,Global,low,3,high,0.3157434024840371,0.6963624325330305,0.6359289454379274
retail,password,1431,US,high,8,medium,0.6215187240340485,0.6719761379270511,0.8098881320300206
healthcare,password,14051,India,low,5,medium,0.21986195636897687,0.24068158972588538,0.46976636754345247
healthcare,full name,2121,US,high,3,medium,0.44483935934052954,0.7436025175606177,0.7371857514765974
retail,credit card,599,Global,high,1,low,0.8994125221673253,0.7502718294717717,0.7049694359614014
retail,password,65050,Global,low,5,medium,0.13353423316074942,0.3172889837759053,0.5786804025312023
tech,email,100539,US,low,1,low,0.386696449987462,0.4837138323907132,0.28318010091981155
finance,email,6953,EU,high,4,medium,0.8211424247203473,0.29460333294045604,0.72608439668219
retail,password,123,India,medium,5,high,0.9694908994061782,0.2587050703242867,0.8227935142103968
healthcare,credit card,7387,Global,low,3,low,0.4539261364217959,0.025896070249485148,0.5017090748142586
tech,email,48223,Global,medium,2,low,0.5069996201433474,0.2852117446533321,0.38195627742203303
retail,full name,1143,India,low,6,medium,0.5721719617837697,0.5539699498782749,0.5971491253707473
healthcare,email,31784,US,low,1,medium,0.9323481416337108,0.0016011875490288263,0.46348351972226876
healthcare,SSN,21362,US,low,5,low,0.8582067909770298,0.2832190838096674,0.6229975713468869
finance,SSN,70163,US,low,3,high,0.17060112462164434,0.8814103323232501,0.7316604579779361
tech,credit card,27977,EU,medium,5,high,0.436757817847075,0.5936485851073608,0.8410962121206481
tech,password,3145,EU,low,3,medium,0.4640004281964263,0.6078628240809805,0.428778913851593
finance,credit card,241142,Global,high,3,high,0.7890961116487567,0.40336430502635323,0.9644190524861981
finance,credit card,16041,US,high,3,high,0.6028928826054353,0.676472143492411,0.9519302525295094
tech,credit card,20855,India,medium,8,medium,0.654220462029013,0.18993276623035915,0.9034708849074926
tech,credit card,3406,Global,low,6,high,0.9981999076656176,0.8187468103841916,0.9054851862946562
retail,full name,9076,India,high,2,medium,0.07496004347001306,0.11668911993589981,0.6904302865076385
retail,full name,3753,Global,medium,2,low,0.223009823533733,0.6560013546531093,0.35894130913960187
finance,email,15585,EU,low,5,medium,0.40789593737154684,0.34114932581968305,0.5145752902657944
retail,SSN,675640,Global,high,5,low,0.3477824030488872,0.7475129705824768,0.6867875400226366
healthcare,credit card,1416,EU,high,3,low,0.02164556134698359,0.54976455126602,0.6796349118734524
retail,email,873,Global,medium,8,high,0.09177760647117583,0.4523530384787162,0.7602653698479157
retail,SSN,417625,US,low,3,high,0.6809532914035762,0.169422402093247,0.6654151532922753
healthcare,password,14492,India,low,8,high,0.8793244633625606,0.6368214642843528,0.7480407152216507
finance,full name,5778,US,high,3,medium,0.5142270112659776,0.9747698434204131,0.7047212095174513
healthcare,SSN,176276,Global,high,1,high,0.539191079513633,0.825603424907015,0.8767017608139712
retail,password,6560,Global,high,1,low,0.2550934328323794,0.0600081925890118,0.4703420859311589
finance,SSN,849174,Global,low,4,high,0.7678763636337114,0.3762293783611911,0.7357758514020851
retail,full name,85464,EU,medium,3,high,0.7517945873672564,0.9255830091902718,0.797231050441727
healthcare,full name,8301,India,medium,6,medium,0.5883656892176566,0.5030437475570214,0.707849540225562
healthcare,email,1647247,India,low,4,medium,0.21266428651134284,0.6621118258081792,0.4025814844972031
retail,credit card,6558,Global,medium,5,low,0.09701821823708945,0.9125993455913904,0.6094069668572035
tech,SSN,97167,Global,high,9,medium,0.06423857585712589,0.8737946904198807,0.9267598675683185
tech,SSN,40078,EU,medium,3,high,0.5926960666428778,0.501820375540511,0.7936230029181355
healthcare,password,297593,US,medium,1,medium,0.8250353191428,0.43764630265760207,0.589185045864952
healthcare,full name,500329,US,medium,9,low,0.8583304317809248,0.3396926184795871,0.6698793243285257
tech,SSN,23482,India,high,8,high,0.4636220743434498,0.7190194431628911,1.0
tech,full name,4881,EU,low,9,low,0.7842712993067169,0.28698679947154326,0.4998490647241689
retail,SSN,55267,Global,high,6,medium,0.9468801963410236,0.24988760643090013,0.9851179495837123
retail,email,5679,India,low,3,medium,0.275170112488068,0.3562498946037801,0.5159315112394258
tech,credit card,1235238,EU,low,2,low,0.39796034638075717,0.17721505687879202,0.4443539394068686
retail,SSN,28942,US,low,9,high,0.9314789925966807,0.6951198159457673,0.8398120679415746
retail,full name,10607,EU,medium,2,medium,0.33823096731728486,0.6162406493306123,0.5890322090804638
finance,email,31868,US,medium,8,medium,0.9138762903217963,0.4828785341158436,0.6910245994961727
retail,SSN,1488,EU,low,4,high,0.9810448622544657,0.39032577926155465,0.9085475551200938
healthcare,password,3155,India,low,2,medium,0.6618107285744247,0.9090625428967315,0.5042195403082008
retail,credit card,243002,US,medium,4,low,0.8168902895041683,0.029123784989105284,0.6217443921196486
retail,SSN,5920,India,high,1,medium,0.7495455642210852,0.7691077435072992,0.8603871370474214
tech,email,2713,India,low,3,medium,0.6995342576155238,0.9019095717488887,0.5094939740600081
healthcare,password,64428,US,high,9,high,0.30693107298123257,0.44635457942992596,0.8696228292484222
retail,email,235957,US,medium,1,low,0.057094337907943715,0.5506904914706467,0.3016659649859062
retail,email,92772,Global,low,1,high,0.3430517325196506,0.9444636878820379,0.4203962232753731
finance,password,161473,Global,high,7,medium,0.6669359852039066,0.21227751528551442,0.8469132270387321
retail,email,4848,Global,high,0,medium,0.10252919822780138,0.5201348477846849,0.47884658173189976
retail,password,1282,India,high,6,high,0.011917982978242092,0.4747211271282129,0.7915270817052554
finance,SSN,443595,India,medium,4,high,0.13969237260293865,0.2583926478703701,0.8556114649528078
tech,password,11552,Global,medium,7,high,0.7157359264107953,0.8185932303731079,0.7965397725663038
retail,password,13337,India,high,0,low,0.972793701656444,0.8996005947632358,0.5051369637051919
finance,credit card,313761,India,high,6,medium,0.9830646996148205,0.7819325797882088,0.9176217042639996
healthcare,password,67000,US,medium,4,high,0.4939791491401879,0.19535896084860838,0.7019749462571238
tech,password,54818,US,high,3,medium,0.8693523009923474,0.08674863550138157,0.7351045153471442
healthcare,SSN,1672792,India,high,6,low,0.7368264557515041,0.6054444853053423,0.7561090197783642
healthcare,credit card,6081,Global,medium,9,low,0.5010402369846034,0.057094760509883935,0.7844221975855565
finance,full name,140882,EU,high,1,low,0.5727605329550868,0.6728258885580842,0.4554048576514723
retail,SSN,24686,Global,high,0,low,0.13722714661687108,0.5304242203272427,0.6326435540624824
finance,SSN,37691,EU,high,0,medium,0.9376614606165921,0.6627857327436636,0.785375868824336
finance,full name,468333,Global,medium,0,low,0.3519297707317768,0.590170773649744,0.25676919876911003
finance,password,60819,US,high,4,low,0.4461492564571695,0.4227025695271728,0.5077698852159342
finance,email,64640,India,medium,9,high,0.6716602309978987,0.20087718014022826,0.8259699875463589
tech,credit card,188153,India,medium,6,low,0.33390247152655395,0.30570213581048855,0.7150290347805767
retail,email,10615,US,low,1,high,0.25425916098893053,0.5245005742189764,0.5939147727301611
healthcare,full name,4111,EU,low,9,low,0.6310493932702206,0.6518680936476059,0.4695158757566868
healthcare,SSN,2725,EU,high,7,low,0.02498408228184945,0.7794830168845285,0.6936362208534559
retail,SSN,431,EU,medium,3,high,0.7207251120266789,0.7671707184490608,0.8759967652299052
healthcare,credit card,1345685,US,low,2,low,0.5140233698765098,0.9726887432610853,0.42014160331964334
retail,SSN,2424,EU,high,9,medium,0.6057537305209344,0.28584144866340944,0.9801849541118213
healthcare,SSN,14150,US,low,7,medium,0.6318801592468851,0.07111070821343679,0.7161142883044109
finance,credit card,12662,Global,low,1,low,0.5270501564925637,0.3456569355418593,0.3282265037907658
healthcare,credit card,40733,Global,medium,2,medium,0.582533777440736,0.7432944752240767,0.7840961607250686
retail,full name,112586,US,medium,2,high,0.6837882008898746,0.4381116510332952,0.6670579835217244
retail,SSN,123123,India,low,9,low,0.7531188471796741,0.8177884305894194,0.6277949014087966
retail,SSN,6862,Global,low,0,low,0.7274523912861205,0.549326365186015,0.47258030784058813
retail,full name,15768,EU,medium,5,high,0.8696164577322617,0.929791722630503,0.880903981239799
retail,password,38760,US,high,1,high,0.18944343316740275,0.9478634419990688,0.7349483759241883
tech,password,13394,EU,medium,0,high,0.40114796949179754,0.06930450601874871,0.5952648777593603
tech,password,548362,EU,low,1,low,0.9477960660144571,0.4564134397124243,0.3479232504071077
healthcare,full name,58803,India,high,5,high,0.3965905743863297,0.609689061249568,0.8249199052743011
retail,SSN,95774,EU,low,3,high,0.12487007690592267,0.2558725408122128,0.7042927266150742
healthcare,full name,82930,India,high,5,medium,0.5254451263621795,0.40707677937898024,0.7597876945291773
retail,full name,230256,Global,low,8,medium,0.10949097255446216,0.6776815411176983,0.5216178344152896
retail,password,31635,US,high,9,low,0.2028532387278652,0.22673422689836142,0.6213440032166804
tech,email,1646,EU,high,9,medium,0.9983187565709567,0.6019813529744524,0.8681869682822922
tech,SSN,48990,US,low,7,medium,0.541362638396132,0.6974478281643061,0.7799871087183907
finance,password,5986,EU,high,0,high,0.284058389040429,0.09049631109586675,0.7002720280255087
tech,email,7652,US,medium,7,high,0.9947749545739061,0.49752931602745276,0.7825262345536719
finance,email,71162,EU,low,8,medium,0.9665589185551432,0.2630800299241908,0.7081188389854971
finance,credit card,262122,EU,medium,5,medium,0.44073904108426354,0.7243863559980446,0.8513879654811173
finance,SSN,22983,EU,low,9,medium,0.2604031087879084,0.18955550853694048,0.7212328904678514
finance,email,40850,EU,high,4,low,0.83839963809219,0.8922379155381064,0.6266153985644907
finance,password,662933,EU,high,5,low,0.7156207169717858,0.4309413365183269,0.6107343833417532
healthcare,credit card,35650,EU,high,5,low,0.6869414350035103,0.1980030303075535,0.8062920266409245
tech,SSN,4006250,EU,low,8,medium,0.8931137413224726,0.43802179635032934,0.7485977818255788
finance,full name,68255,EU,medium,3,medium,0.6894171338713246,0.40874376280852787,0.6760647431516787
retail,password,650,EU,medium,1,low,0.28379794304154915,0.4289189594937103,0.39349017489505284
tech,email,99377,US,low,8,low,0.6938631618757323,0.5855612934974469,0.5056580057660178
tech,email,47207,India,low,1,medium,0.30581351128366396,0.5211737249135375,0.40532870730707554
finance,password,290542,EU,medium,9,high,0.759238979656995,0.14977713168090268,0.7552929727190649
healthcare,email,84656,India,medium,8,low,0.619747854491566,0.06557907264663632,0.6061715204551951
finance,credit card,16698,EU,medium,1,medium,0.07741155198475058,0.7294154487265405,0.5687630884533477
healthcare,SSN,1903,EU,medium,7,medium,0.512835362435142,0.5597174359283135,0.8960821692547416
retail,credit card,14500,US,low,8,high,0.34330096919574093,0.35900076807926373,0.795723736077963
tech,email,4019,Global,low,9,medium,0.32857063273229425,0.8083578224980739,0.5035046305716993
retail,full name,6897,Global,high,8,medium,0.6022563023772572,0.38805847426095696,0.8102756154234023
healthcare,SSN,71478,US,medium,9,low,0.3223248244694249,0.7959650896006075,0.741372509973863
healthcare,SSN,621448,India,high,8,low,0.7768937482048727,0.3057561275123747,0.7794091873995529
retail,password,48501,Global,low,1,high,0.07079143601117444,0.07284529754519975,0.5670308748208588
healthcare,password,2014,US,low,3,high,0.6603882523958254,0.9326396937999291,0.6388758524311162
retail,full name,53594,US,high,6,medium,0.8091948036567412,0.39455112928137315,0.8187574564839679
tech,SSN,241171,Global,medium,1,low,0.6728316899204301,0.7926925728493779,0.5255019561800874
retail,full name,6505,India,medium,0,high,0.49722919501999574,0.27914413322230447,0.5814280519122591
tech,password,16847,US,medium,2,high,0.9503070137361812,0.646365112123656,0.7265390628111628
retail,password,22683,EU,medium,3,high,0.2999384897980636,0.8733108732577283,0.7122958919057595
healthcare,SSN,4583,India,high,7,medium,0.019167887524977778,0.041644022339980324,0.8722419778698935
retail,credit card,80544,India,high,5,low,0.43198937146344085,0.8306357646860892,0.7028732707821057
healthcare,email,17293,Global,low,1,high,0.03301193590032725,0.5713330049719286,0.47260985266893935
retail,password,50973,Global,medium,8,low,0.9539367525264087,0.6074717539085692,0.665075109045508
retail,password,3733,EU,medium,1,high,0.2099180457480515,0.5231580008059826,0.5401473875579819
finance,credit card,9182,US,medium,4,high,0.7889270239488795,0.8744751032836424,0.9560165846320267
healthcare,credit card,93410,Global,high,3,low,0.7745720831743649,0.04343335723563746,0.7195711998970932
finance,full name,10449,Global,medium,6,low,0.21772889968293352,0.2610283915358481,0.41913593281036265
healthcare,full name,696572,India,high,7,low,0.6212265304801673,0.8757625388591553,0.6390410329697328
finance,email,9904,Global,medium,4,medium,0.04807896848645021,0.752345702531956,0.6052913004956587
tech,email,34522,Global,medium,9,high,0.48357458570386747,0.017645160178605845,0.8884481558224249
retail,SSN,142227,Global,low,4,medium,0.014647127272486737,0.5170062832097087,0.5550960765581703
healthcare,full name,1291,Global,medium,1,low,0.9211438801808418,0.5295726807126748,0.2811555642153214
healthcare,password,650,India,medium,7,high,0.9760860241995717,0.4008821351279104,0.7821309616470603
retail,full name,1041,EU,low,1,medium,0.22228276663858526,0.2973933320619897,0.4587490520571838
healthcare,password,275176,EU,high,9,high,0.20810603459637278,0.6817248504123421,0.7811235181062164
healthcare,credit card,7304,US,high,5,medium,0.7537201765621296,0.20779046470475382,1.0
finance,full name,3672556,Global,medium,7,low,0.25337939882933447,0.7989485620717061,0.5860783872710295
healthcare,credit card,7125,India,high,5,medium,0.895076559161845,0.8030371607674718,0.9490594680193225
tech,email,31859,US,medium,3,high,0.5739291361229822,0.4152614375728205,0.6660746480949469
tech,email,481287,US,low,3,high,0.3507776230103121,0.28354801090964765,0.5778407935918884
retail,SSN,1217348,EU,low,5,high,0.8326937463494201,0.2838781815907132,0.8638237422419471
healthcare,full name,1360016,India,medium,3,high,0.4934067004133952,0.4822913239962101,0.7122644932776045
retail,credit card,246898,India,low,7,low,0.9116329137084755,0.7195792247493588,0.7281462600343529
tech,password,170778,India,low,8,medium,0.928014236729381,0.35886869099385876,0.6297963011816133
healthcare,email,72045,EU,medium,0,low,0.16542015212840933,0.6100433454577515,0.2514998665316911
healthcare,email,104476,EU,medium,3,low,0.0023234061319302723,0.38248446058259433,0.3163683052565868
retail,password,7314,EU,low,3,low,0.9839309401424022,0.3045231891513833,0.3045285306112827
tech,credit card,4288,EU,high,1,high,0.9061375361274794,0.02485951591579416,0.9304276997395283
healthcare,credit card,21878,EU,high,5,high,0.05544523570384141,0.003914105735390638,0.9438260885342613
retail,full name,15671,Global,medium,2,high,0.8330342639410699,0.22720767783200446,0.6949361565388207
tech,full name,8897,Global,medium,6,medium,0.4578049325592066,0.40640628680099544,0.6489275162156116
retail,SSN,88678,India,high,4,high,0.2589616050249752,0.8512611673620603,0.8903878175663638
finance,email,148837,US,low,3,medium,0.8787465236769298,0.7984842429304254,0.5585914465990656
healthcare,full name,26286,India,high,4,high,0.19666723239030726,0.2671652625879899,0.6665135282467182
finance,credit card,422971,US,high,7,high,0.9472999994200669,0.24454044298429933,1.0
tech,password,2245,EU,high,2,low,0.20562148769934108,0.22732207107002744,0.5198866567683537
finance,credit card,14953,US,high,6,low,0.6136831877287435,0.339237340528867,0.7463263974377226
finance,email,5251,India,medium,5,low,0.22308633452897486,0.4981987195616854,0.4918924044428224
tech,credit card,526,India,medium,0,medium,0.5456686649686348,0.4386677720315755,0.6145539117200404
retail,SSN,18669,US,low,6,medium,0.6839751299151413,0.21827319878149376,0.7256052692999997
finance,email,17266,Global,low,6,high,0.19022793082013756,0.13045140994361804,0.6777688188722536
retail,password,454475,EU,low,0,medium,0.5208857827006792,0.012577812486195383,0.33819616241691125
finance,SSN,77778,EU,low,8,high,0.469059744390119,0.15396323866650385,0.8841698909428293
retail,email,2840,India,high,5,medium,0.07103742140334124,0.7053563701941182,0.7093997667627225
tech,password,898233,Global,medium,1,medium,0.8183078176753029,0.24363856934558292,0.624652725136482
finance,SSN,253233,US,medium,4,medium,0.3356824006428417,0.4686018101215098,0.7639757386466213
tech,SSN,70558,EU,low,3,low,0.5745821975518796,0.5913011489232447,0.4439838887312205
finance,email,14003,Global,low,6,medium,0.5147842349331344,0.8868409028316071,0.6678781445903753
tech,full name,3232,EU,high,7,low,0.5132605045704423,0.8888550983934195,0.6020289032169364
tech,SSN,10462,Global,high,0,low,0.10722239420848745,0.745733733681359,0.5493644352141517
finance,SSN,194365,Global,low,4,medium,0.42348200924933277,0.03515699204850142,0.710218647273022
finance,password,954719,India,medium,2,high,0.4523667592065702,0.5750704190854149,0.5612402871864752
finance,credit card,482379,EU,medium,0,high,0.7336428403644485,0.7865834708315065,0.8453477330421386
healthcare,email,8285,US,medium,2,high,0.8400188319206985,0.01728804476336321,0.6364576685757544
retail,email,2346,India,low,5,medium,0.544982278100018,0.5496846136565783,0.5317482568181232
healthcare,full name,29195,India,medium,6,high,0.08678295406499048,0.8577641457860294,0.7531211906163828
healthcare,full name,641,US,high,7,low,0.23684947059654626,0.47410207584226693,0.6215996542553847
tech,email,42038,India,high,3,high,0.16493402685273106,0.004106202897448452,0.7959522056077958
finance,full name,16396,Global,low,2,medium,0.12461506318912474,0.01101335833560746,0.34242112777035993
retail,password,8672,Global,high,4,high,0.36589929861780757,0.41663603741375055,0.8429624975504166
tech,email,907,EU,low,8,low,0.22939350215438203,0.15500866741675456,0.4633014696041147
healthcare,full name,61525,EU,medium,5,medium,0.2183031118115123,0.6644506570932596,0.6732916026434459
finance,email,7590,US,medium,8,high,0.054693174576267656,0.708799264906154,0.6759862788593063
tech,credit card,2122,EU,medium,5,medium,0.01767004479543388,0.1778797954606286,0.6783202427880923
finance,SSN,70,Global,high,1,medium,0.1027682426497818,0.8885332885244849,0.7231580417820528
tech,email,20847,US,low,4,medium,0.17219747942363306,0.4419078449789259,0.4191784588772282
finance,SSN,762610,US,medium,8,high,0.43098372884820313,0.14284590759192373,0.8528999779140953
healthcare,full name,610796,EU,low,7,medium,0.5105202612988446,0.7642515980693955,0.5817788232688262
retail,SSN,8829,Global,medium,6,high,0.14059191817336558,0.7899745000167728,0.9057637598902248
healthcare,email,6604,US,high,0,low,0.4247833415241863,0.6392954726654575,0.5824273106671516
retail,credit card,56249,Global,high,3,high,0.3417488423259273,0.8534655532025531,0.9516086419348773
finance,full name,2990,Global,low,6,low,0.18342364349795603,0.7373729720306713,0.48595586434478655
tech,email,40278,Global,high,6,high,0.006840748148363551,0.8822057372269906,0.8284765204961576
healthcare,full name,101942,EU,high,5,medium,0.4670178665217417,0.43388804848547946,0.774680086295539
retail,password,256239,India,low,7,high,0.6856517492651993,0.7475971280994425,0.7112582901498812
healthcare,SSN,18028,India,medium,5,medium,0.22627733414380702,0.9997515634290444,0.9067838942502253
retail,password,14656,US,high,9,low,0.13180682989667936,0.7249311975196192,0.5789011398132151
healthcare,email,3804,Global,low,2,high,0.8870427444469619,0.11418378023713216,0.5712055594380366
retail,credit card,4214,EU,high,3,medium,0.2750247724877978,0.518318722429183,0.85732951163159
retail,full name,14003,Global,high,2,low,0.22361261979266478,0.5873477912430279,0.4927349071612328
finance,SSN,45923,Global,high,0,low,0.8570969396099158,0.17421067507139099,0.6145015937871359
retail,full name,136922,EU,high,9,high,0.8171070991667613,0.9628916341780376,0.9797295673535841
finance,email,4418,India,low,4,low,0.4483464705246336,0.1755797776346163,0.36277728881590726
retail,full name,435991,Global,low,0,medium,0.4892388614277745,0.17755791971322277,0.396514049770408
tech,SSN,12807,Global,low,0,low,0.21774870483402198,0.915167137974555,0.3833039858598467
tech,email,21105,India,high,1,low,0.0783016704795575,0.46520543312167106,0.3511241325723389
tech,full name,4942,EU,high,3,medium,0.5734318253556611,0.0631882792745162,0.6176804829460943
retail,credit card,172,US,high,5,low,0.09834492159021313,0.5981874999385286,0.7641792727883618
finance,email,129067,India,low,7,low,0.4492745469566498,0.6018263486330478,0.4110793711497898
finance,email,96152,US,high,2,low,0.9404971985130107,0.0645007586865618,0.5474021524408164
retail,credit card,12548,US,medium,0,low,0.9528343891705844,0.972522495633662,0.6259053707232048
tech,password,25184,India,high,2,medium,0.2393322865473586,0.5440299652945756,0.6295398558582568
tech,SSN,61813,Global,medium,2,low,0.6241134200456544,0.5597957221797643,0.5619069012992074
finance,password,967,US,high,4,medium,0.47407626410785764,0.5201154145023945,0.7622115058855503
tech,full name,7645,US,low,3,low,0.875685127586106,0.61073177964462,0.34765526693096765
healthcare,credit card,107853,EU,high,3,low,0.27143086427605323,0.26429975277375495,0.7272895478917073
finance,password,1792,Global,medium,8,low,0.003702406832416849,0.2872413479748408,0.5441481366550657
tech,email,39621,US,medium,6,low,0.1625612059314151,0.5113390897961327,0.5877727803585584
finance,full name,1460,EU,high,3,medium,0.34952280116939805,0.8066858547635796,0.6404351279530799
healthcare,full name,55986,Global,medium,2,medium,0.3157211297704886,0.04986457649417886,0.6099208452871696
finance,password,20511,India,medium,5,medium,0.7913629191228859,0.603404212220246,0.7068408972624851
finance,password,871,India,low,2,high,0.6805606661388378,0.806778142506314,0.5117877474301327
finance,credit card,226268,EU,high,5,low,0.29955631961489726,0.15691727203722716,0.600146810739257
finance,SSN,5068,India,high,8,low,0.4577438171662134,0.015022541980566295,0.7558730376118548
healthcare,password,4356,US,high,5,medium,0.09555910395833522,0.31271329514145807,0.7241733007631211
retail,password,32897,Global,medium,3,high,0.8981464448201008,0.5881437067295981,0.7516820411124004
finance,email,219098,US,high,4,low,0.9354248244485341,0.13828317340474772,0.6105884291806002
finance,full name,2888,US,high,5,medium,0.9798035353809381,0.4261223709724855,0.7954738852419422
tech,SSN,24918,India,low,2,low,0.8685528307858377,0.5523214973742779,0.49055560807357423
finance,email,51929,US,low,7,low,0.17396088769622553,0.5988830947573172,0.46895694545654043
tech,credit card,88098,India,low,3,medium,0.046196483201628835,0.27441172100037514,0.5228051634060094
retail,credit card,31347,Global,medium,7,medium,0.579596727412674,0.4000296359862914,0.8713741656179814
healthcare,password,10571,Global,high,9,low,0.9126050268831104,0.7783392290675587,0.6501229388951592
healthcare,password,4208,US,low,9,low,0.17735136165974286,0.9412146941206855,0.37240808291310257
retail,credit card,26167,EU,low,2,medium,0.0070429146241418605,0.8618803311182572,0.6195158196577562
healthcare,password,2580,India,low,9,low,0.8054960460322443,0.5642835017334319,0.43138645075722737
retail,SSN,63,India,high,6,low,0.076795684286734,0.41029280294394654,0.7307036567336803
retail,password,52739,US,high,8,medium,0.4137060319100304,0.3329566143714182,0.8892955232849528
retail,full name,134305,India,high,3,low,0.678887337188785,0.12495656608401806,0.5997925821229622
healthcare,password,195,India,medium,7,low,0.23679758545618013,0.10655124721611298,0.500931242897599
tech,email,2923,EU,medium,2,high,0.0839625634467267,0.6883576249136577,0.5997776034243787
retail,SSN,75986,EU,low,6,medium,0.7700212284558287,0.2597944161711604,0.6956419779126681
finance,email,1349157,US,high,2,high,0.6301750848870414,0.2546616864324468,0.8380497706020067
healthcare,email,22961,EU,low,6,high,0.9884904844868048,0.9981950544777857,0.7794166388447339
retail,full name,5135,US,high,9,high,0.3443080333199593,0.1879259578737954,0.918760917025485
retail,SSN,15278,Global,high,9,low,0.0617623862901997,0.14805975948882966,0.7960178858694769
finance,SSN,344466,US,high,5,low,0.7343500353352957,0.09868522775992061,0.7347087730636584
tech,SSN,6051,Global,medium,1,high,0.5217334188532456,0.5798053451667962,0.7047777197485321
tech,SSN,4454,US,medium,2,high,0.21320393138913507,0.6278638260021014,0.809347414404104
tech,SSN,8387,India,high,5,high,0.7817289890047594,0.36522792625688194,1.0
retail,full name,3272,EU,low,3,low,0.20375548584994374,0.5354133355114677,0.3907278827413425
retail,password,28151,Global,high,5,high,0.2606616548329366,0.7883995309449126,0.8160216551696222
retail,email,567704,US,high,0,high,0.09252855436671914,0.8181041683217484,0.6419152915076559
healthcare,SSN,42030,EU,low,9,medium,0.39943227903085443,0.9579120757156483,0.7279802176696126
finance,password,13296,US,high,0,medium,0.41892922393741894,0.8242679859228745,0.6254301136653864
retail,password,12287,EU,low,2,low,0.5145617903482984,0.5648414367174266,0.29735171490106754
finance,email,966,EU,medium,7,medium,0.7089642671237775,0.17965696583684598,0.7182844723742109
finance,full name,128826,US,medium,7,medium,0.9061009286804258,0.0997635577028424,0.7821627374299904
tech,credit card,18851,Global,low,3,medium,0.13773409888780863,0.0545118899108592,0.572481602127094
healthcare,credit card,15352,Global,medium,5,low,0.05434809834865706,0.6665258317853837,0.6749925091059539
retail,password,13075033,India,medium,7,medium,0.018531233594333285,0.8075362553979931,0.6835075737257623
tech,email,40034,EU,low,6,low,0.14362137806881625,0.508683950684079,0.30148110633986586
tech,credit card,4897,India,medium,6,high,0.6579494857816259,0.05471417483363994,0.9200272387517444
retail,password,9388,India,high,3,medium,0.7274770779964966,0.5354705745913382,0.6115305328893442
finance,full name,219014,US,high,8,low,0.7865057135281222,0.9357492615245504,0.6688166014384723
tech,credit card,27626,US,low,9,medium,0.24370821190434266,0.5976131909324605,0.6994552659844075
finance,password,1240,US,medium,5,high,0.3058948132615199,0.8094274884628149,0.7723322192861615
healthcare,password,138476,EU,high,2,low,0.48313464556549945,0.8001526483917506,0.46426254710878323
finance,SSN,5788,US,high,4,low,0.0631830968602265,0.9321290997806528,0.6957050597827472
healthcare,full name,933406,US,medium,4,low,0.6111415232112462,0.7702287656498733,0.5095565327945464
finance,SSN,191012,EU,medium,4,high,0.9837350336757578,0.7477005140130896,0.9312332459789765
tech,email,9003,EU,high,7,high,0.36080631137800256,0.23410266497064058,0.9430868102264267
tech,SSN,285510,Global,high,8,high,0.7528474750913839,0.05992515532108145,1.0
healthcare,SSN,25228,US,low,8,low,0.500033915569608,0.5175994650538077,0.6056004886919142
retail,credit card,121242,US,low,5,high,0.12781184436038273,0.1244342079467552,0.7830401602805567
healthcare,password,58073,US,high,5,medium,0.5822374488025863,0.9621958762779913,0.7142098971886531
healthcare,full name,4053,Global,low,8,high,0.29987426844406495,0.2899247626330286,0.6290112561432444
finance,SSN,6080,US,high,3,low,0.034403208453458234,0.8529442033842931,0.6951318033619822
finance,full name,172805,Global,high,5,medium,0.6349297301177438,0.3876246252024593,0.8085692483169423
healthcare,SSN,11276,India,low,3,high,0.8589323493247276,0.32319424985737744,0.7244122412239096
tech,email,9825,Global,low,0,medium,0.34476976689987415,0.9351585723766211,0.31906594956451373
finance,SSN,3260,India,medium,6,medium,0.3902955472127705,0.363322572086224,0.7865927144872475
retail,credit card,51389,US,medium,9,low,0.8910216829672115,0.39028790866313645,0.7320332698250157
finance,password,1362797,India,medium,5,medium,0.8136088133673559,0.10609177961290917,0.6609045609125734
finance,email,2604,Global,high,8,medium,0.7149528235517771,0.6704466652825093,0.8295210257717904
retail,SSN,23119,EU,low,6,low,0.24879706375314792,0.2888394144775135,0.6007328319939451
healthcare,full name,371179,India,high,6,low,0.9102166549666445,0.5856041678395072,0.6941268844344115
retail,email,18783,India,low,1,low,0.154415757539213,0.5913517040532095,0.2722476256381275
healthcare,email,54433,US,high,8,medium,0.6267705194172218,0.719199695595767,0.6901002322212783
healthcare,SSN,2631,Global,medium,9,medium,0.0288011805465187,0.7452414861724412,0.7221849670486977
healthcare,email,51876,India,medium,8,medium,0.6437198063249459,0.5144524344015394,0.6745491402501919
retail,full name,15149,India,medium,5,low,0.27714435187335984,0.330991947603403,0.4461447527793607
healthcare,email,158175,India,high,2,high,0.44967697718372,0.8374508948347339,0.7969590894653336
tech,full name,236752,India,low,0,medium,0.3452645520570531,0.3098656494084847,0.3405813836322987
retail,SSN,3910310,EU,low,3,high,0.1727567562462099,0.5075090944693315,0.7406220586924893
tech,password,70211,Global,medium,2,low,0.6219807900938741,0.40125258320372803,0.38294279206907256
healthcare,email,42259,US,medium,0,medium,0.8819755551406074,0.8550783859696881,0.47815334114442
finance,password,32492,US,medium,2,high,0.9590842422824034,0.4319185311458288,0.6481859412760508
healthcare,full name,10868,EU,medium,3,medium,0.19234636315391507,0.3860991888374843,0.6721479609798526
tech,email,43345,Global,low,7,medium,0.7173727740629734,0.6898236928976375,0.5813690289807977
tech,credit card,12200,India,high,8,medium,0.6643393666056823,0.6024411098614427,1.0
retail,password,30850,EU,high,2,high,0.34337778957457255,0.10724683349584607,0.6664278574699471
finance,email,307181,Global,high,5,low,0.019099199353725838,0.5081688063439632,0.6228563701443094
retail,password,2942,India,high,9,medium,0.6897912473128661,0.7354783883332476,0.8364311819844723
tech,email,215293,EU,medium,4,low,0.9454948605595002,0.9920747645913562,0.5282484294955945
healthcare,SSN,306885,Global,medium,5,low,0.6321201219156514,0.6291468339703191,0.6839033783487312
finance,password,17393,US,medium,3,high,0.4352927241876341,0.37029306644131776,0.7097292586410309
healthcare,credit card,316,US,high,9,high,0.5251538941116284,0.2261515998021184,1.0
healthcare,credit card,6531,Global,medium,5,low,0.19962880765991753,0.8728302341533203,0.5900080098555405
finance,full name,294781,US,medium,6,medium,0.7505441637537376,0.8145652121135027,0.6721750016867678
retail,email,21041,Global,low,8,high,0.746419830009849,0.23392282077938487,0.7271031769033883
healthcare,password,2985,India,low,9,medium,0.14551730038742494,0.20063209014657346,0.598773118059658
tech,full name,8026,Global,medium,6,medium,0.8779783824996591,0.7151367768111756,0.7144650644388415
healthcare,password,118330,India,low,5,medium,0.26918973947330527,0.31495206191875946,0.5656140637372857
finance,email,65740,EU,low,0,low,0.9822560609366149,0.3063987983619578,0.32911744522875735
finance,credit card,13658,Global,medium,1,medium,0.3829030140372458,0.15229024706765526,0.6574411383329234
finance,SSN,10576,EU,medium,0,low,0.17788405873449964,0.2639755197098299,0.38042940738440756
retail,credit card,10061,US,medium,8,low,0.3517201113456523,0.4275075575926496,0.6599956138668698
healthcare,full name,3481,India,medium,9,medium,0.44018032869719315,0.7328383372724155,0.7811578945602031
retail,SSN,557240,Global,high,9,medium,0.06930777303829483,0.33630809441374976,0.9239337598391146
retail,full name,11560,EU,high,8,medium,0.5782183812232895,0.3286043394798427,0.7758443315588244
finance,email,251278,India,medium,6,medium,0.5976324398689004,0.2849132525524358,0.7022958228672851
finance,SSN,461682,India,low,1,low,0.7389304553494722,0.478283667511043,0.48772524895133734
retail,full name,162205,US,medium,5,medium,0.029169892290743293,0.18063669794131532,0.5709637087564927
healthcare,email,9290,US,medium,3,medium,0.5412382144338301,0.48563073403212553,0.6558930161494778
tech,credit card,49387,India,low,0,low,0.052907433270664384,0.7041755561946899,0.3800756443852489
retail,email,20985,India,high,0,high,0.7011442199666534,0.029790504032622178,0.6651189833380483
healthcare,password,3614,Global,medium,4,high,0.05572798570098447,0.009779380305761864,0.7183911128972171
finance,email,42138,India,medium,1,low,0.9117278483416327,0.07512291015450923,0.40069211559427853
finance,email,2083,Global,high,3,high,0.7020825668844966,0.5356600617281121,0.8012517353731694
healthcare,password,236891,India,high,0,low,0.5073897650851571,0.8544550831854034,0.39994054166011017
tech,full name,8697,US,low,3,medium,0.44150392328117494,0.004884466020251943,0.515722712962609
finance,full name,32935,Global,high,5,medium,0.13067263041326238,0.936661304584681,0.7056240017065553
finance,email,38815,EU,high,9,high,0.2909993895646631,0.1062785115705358,0.9127877866814968
finance,password,13123,US,high,3,medium,0.8689591050208962,0.8419835280582263,0.6993467910488113
healthcare,password,71209,Global,low,0,high,0.9044528115624939,0.48285476498294677,0.5071751167627455
retail,credit card,8520,Global,high,6,high,0.0007477083705310639,0.659357387278844,0.9427529172571656
finance,full name,125818,EU,high,1,medium,0.5941363914775513,0.5106829844471824,0.6592152481249016
retail,SSN,1492,Global,low,8,medium,0.7193006090251136,0.47704822517935463,0.7379125696773744
tech,full name,28360,India,high,2,high,0.6187469824576063,0.8348994283643915,0.7617190658094399
finance,full name,1064332,EU,high,7,medium,0.08167976486635398,0.7558863795678163,0.7322466271213187
finance,credit card,2978,US,low,7,low,0.21772489879890222,0.4834022365230042,0.5937766861247741
tech,SSN,5678,US,medium,2,medium,0.25034026738138604,0.1116359293960616,0.5982689044079231
finance,credit card,61562,India,low,3,medium,0.8317246313050897,0.11540295931440814,0.6855241066416758
retail,SSN,31544,US,high,1,low,0.46319943630892046,0.8015394607190754,0.7128871030856825
healthcare,email,44411,Global,high,3,medium,0.4868282119412368,0.5293906213475335,0.7504841266308087
retail,SSN,58593,Global,high,8,medium,0.9348930465545086,0.4815891402193626,0.9626566485567774
healthcare,credit card,78389,India,low,1,high,0.6370858888547155,0.6805668413607151,0.7184386776937208
healthcare,full name,202683,US,high,2,medium,0.8986677015526638,0.8588415834142603,0.7148950437972618
retail,SSN,49992,US,high,3,medium,0.45650885534153296,0.6288731444133052,0.9091204886922603
retail,SSN,13595,India,low,4,low,0.14943625851829423,0.762847902346479,0.35943787973569097
retail,password,84554,EU,medium,0,high,0.9299355940740857,0.765270524116957,0.6986369278541669
retail,full name,984376,US,medium,6,high,0.45870511566753824,0.35626144879295907,0.7624946279285603
tech,email,16894,EU,high,9,high,0.18163142187882186,0.2740831956409957,0.8310016952153614
finance,credit card,3136,US,low,6,medium,0.30239574030392224,0.8011640671751586,0.6716494725906609
healthcare,email,201624,US,high,8,high,0.050802589688942246,0.3771787917842435,0.7900849431583303
retail,full name,17313,US,low,3,low,0.46830059145638514,0.9033360065227052,0.3061241387719418
retail,SSN,285,US,low,5,high,0.8531281719102366,0.06969069673011963,0.7813261144944539
retail,SSN,119951,Global,medium,1,low,0.9335804560066894,0.05821751207533965,0.5823689041260349
tech,full name,7550,EU,medium,3,high,0.9326022075036438,0.9270041601014083,0.7627571023667835
retail,SSN,18378,EU,low,1,high,0.12523002562874674,0.6484549141814349,0.6296943320809566
retail,SSN,42785,US,high,9,low,0.382053882511057,0.3795993564483323,0.863191548563914
retail,SSN,32241,US,medium,4,high,0.02822875965070637,0.7550604148161828,0.7954018116922237
finance,credit card,91026,EU,high,6,high,0.8551653449714728,0.6723268099936413,1.0
tech,credit card,9219,Global,medium,0,high,0.3587557620212738,0.5312010468195962,0.7122285440557062
retail,password,61464,India,medium,9,medium,0.6311170278922348,0.09887334266265135,0.7430426464849433
healthcare,email,13107,India,high,9,low,0.7148984380772886,0.8121795872927515,0.7064685189503234
healthcare,full name,96531,EU,medium,6,high,0.4298446697431554,0.8660231906806247,0.7977528111728704
healthcare,full name,75413,US,medium,9,low,0.306442336550243,0.1721686885526491,0.5244388009581509
tech,full name,3391,US,high,5,low,0.9622129101159447,0.8505116519770667,0.5791901480577001
tech,password,193293,Global,medium,5,low,0.9644882250238542,0.8778473110165642,0.5304767934618602
healthcare,credit card,7540,India,medium,7,high,0.28943636803002193,0.549428612288516,1.0
retail,password,110870,Global,medium,7,high,0.4796250967444581,0.656179036222687,0.8486244040461951
tech,full name,45916,India,high,5,low,0.9728441586600224,0.3822373200144914,0.6619869357003383
healthcare,email,870103,EU,low,2,medium,0.004868407655503226,0.281791647509266,0.39126423790962817
healthcare,SSN,14087,India,high,4,low,0.41267824837914924,0.7219831469516448,0.7105869009711887
retail,credit card,10952,Global,low,1,medium,0.10045754968096843,0.8618751490158082,0.5210455430163111
finance,credit card,21187,Global,medium,4,low,0.5091579655626026,0.6540775529557475,0.6805683809604376
tech,password,12011,Global,low,8,low,0.02466995454048715,0.5115906106465492,0.36051864553437796
retail,credit card,109085,EU,high,9,low,0.40689843139062787,0.15892476684417156,0.8368733072539116
healthcare,full name,869,India,high,0,high,0.22069907478533513,0.05345871260481816,0.6456097788955952
healthcare,full name,2677,India,medium,9,medium,0.5333083624587408,0.44569179024674643,0.7693771777639739
retail,password,2602,Global,low,4,medium,0.9959936491006997,0.04934956369742127,0.5909381611004703
tech,full name,147357,India,medium,5,low,0.8005361051267477,0.5693346319072251,0.4925842405154314
finance,email,674162,US,medium,6,high,0.8456420916244214,0.3827291913177713,0.7990985884873417
finance,password,17873,US,high,8,high,0.6352649873590809,0.7571891196819694,0.9491085290720745
healthcare,email,15714,US,low,5,medium,0.04155984827225856,0.30564849683618345,0.47919884364852294
tech,SSN,25339,India,low,4,high,0.20679767604414412,0.5929827009674321,0.7417865918734746
finance,email,224977,EU,low,6,medium,0.925064556447055,0.5376835217551005,0.5968592471872584
tech,SSN,3447,EU,low,0,medium,0.36611311792875123,0.004712425522241159,0.6245671692053024
tech,SSN,35480,EU,medium,4,medium,0.10363672648079558,0.07238939826431035,0.8269172672956462
healthcare,email,154878,EU,medium,1,high,0.702405365866202,0.2903682124860205,0.7233967342562064
finance,password,60005,US,high,3,medium,0.2994577239342546,0.8822350810207651,0.6637270741367338
retail,full name,32182,US,medium,6,medium,0.2688569129041717,0.14701495489977856,0.6367480589550689
healthcare,full name,163095,Global,medium,4,low,0.9979774555582603,0.7108943304605416,0.48083956658011956
finance,SSN,98,India,high,5,medium,0.8581389250266543,0.9733665661522873,1.0
finance,SSN,85455,India,high,1,medium,0.40793781836784104,0.7905675526911552,0.8173299673718426
finance,password,5954,EU,high,2,low,0.9802612078164991,0.24294536168704395,0.606964164857017
finance,credit card,566,US,medium,6,low,0.6501132234192136,0.9083652604130816,0.6825149254978768
finance,email,61230,EU,medium,1,high,0.7420224518797602,0.09310715650839008,0.5663073709750807
tech,SSN,343628,Global,high,5,medium,0.03151304308221159,0.46814194187073577,0.7767534238311831
healthcare,full name,16732,India,high,4,high,0.1216052593480571,0.8875419077264137,0.7850422290799312
tech,password,148115,India,high,9,high,0.6330851264962384,0.6412657092568698,0.8871747998313071
retail,email,553798,EU,medium,0,low,0.8990239826494839,0.41364456472769884,0.35801733354531684
finance,password,305537,Global,medium,9,high,0.6237437260875957,0.2928128667371688,0.8296317912951907
healthcare,email,585328,India,low,3,medium,0.13402489431899178,0.37509940531834995,0.5040854809248737
finance,email,97173,Global,medium,1,low,0.11576004624632463,0.5089417810092862,0.3065146511947951
healthcare,SSN,25613,Global,medium,3,medium,0.8441858958240817,0.3190439298728074,0.7091381052995994
tech,password,894,EU,medium,0,medium,0.1393023387079143,0.9689678620822997,0.4300566750969052
healthcare,password,13465,US,high,1,low,0.5202319605040254,0.9330776530661451,0.429824997922806
retail,full name,4078,EU,medium,7,medium,0.03711331996230227,0.8706714682143207,0.6833529627925298
retail,full name,1692784,US,high,5,low,0.08066976739117737,0.4218298355226534,0.5578615390286217
healthcare,SSN,15494,Global,low,1,medium,0.6723482676428648,0.6913017693352289,0.6912592881760645
healthcare,SSN,28181,US,low,5,low,0.6891814104275167,0.9028293070359646,0.6056523970246648
healthcare,credit card,66368,Global,high,9,high,0.3414694066084424,0.850429487678928,1.0
healthcare,full name,24033,India,high,8,medium,0.21560976524304476,0.41432701402020766,0.7013672085289236
retail,email,653502,India,high,6,low,0.813710270757308,0.1123860493222607,0.4987280872541501
finance,password,6340,India,medium,8,medium,0.21710322946989036,0.07563036383454946,0.6838599243687593
healthcare,SSN,32507,EU,low,4,medium,0.5420270696663797,0.5770640452257026,0.6803637190162434
healthcare,password,4989,EU,high,6,medium,0.9682088408629055,0.6426279352109316,0.8206816133588937
retail,password,1571,Global,medium,6,low,0.14785243786238378,0.8498426045970241,0.49957508006772067
retail,credit card,6479,India,low,2,high,0.9408762674947089,0.29251502034103105,0.6978863175129404
tech,full name,20453,EU,medium,6,high,0.18289305306866865,0.16747049055004248,0.7764482402010894
healthcare,SSN,9333,India,low,0,high,0.5674432080232296,0.37900583317819947,0.6935539828074399
tech,password,5514,EU,medium,8,low,0.3770077119587446,0.35357512363227506,0.4777133353457191
retail,SSN,1322,US,low,9,high,0.9649286015018259,0.13246895401785475,0.8788110391077182
retail,email,18653,US,low,5,low,0.2735420290019369,0.6722826525131521,0.36276101044320563
finance,credit card,1086,India,medium,4,medium,0.39965800208575364,0.508691940729376,0.7264252551005614
healthcare,email,100721,Global,high,6,medium,0.9828601178554205,0.7211227561147663,0.770230392278881
tech,SSN,25974,EU,low,4,high,0.5364703911884732,0.3526911201697347,0.7742722886701184
retail,SSN,1193,EU,high,9,low,0.5026301156212535,0.3257022115777023,0.8133032875953402
retail,full name,11867,US,medium,4,medium,0.2577784882039913,0.47257585304385563,0.5652687433821845
tech,password,4893,US,high,9,low,0.7013635603104414,0.877407345395147,0.6155969261432214
finance,password,41703,Global,high,6,low,0.014372951777777643,0.04028130673398034,0.6019651574298465
retail,email,321547,Global,high,9,medium,0.04951262970229353,0.804832817296472,0.7165852392084465
healthcare,credit card,517,Global,high,6,low,0.5993585871358027,0.3689876126577565,0.77447558303362
retail,password,27723,India,high,2,medium,0.3416745738184541,0.8546190257884777,0.6223636259739346
healthcare,full name,15990,US,low,2,medium,0.9533163722009605,0.8022030088358565,0.567617070428579
tech,email,84345,India,low,9,medium,0.9031906907227857,0.3487612473960884,0.6042475458695977
healthcare,email,33738,US,low,2,low,0.7137062586767072,0.693876535321616,0.41764695481812
tech,full name,4895,US,medium,5,medium,0.8181455811278013,0.15963275677344013,0.7194296550198556
healthcare,credit card,11636,EU,high,5,low,0.6673318496676933,0.896281552163788,0.857778118756237
tech,full name,4482,US,low,2,medium,0.12558210271016068,0.4044910644519094,0.4557901517499997
healthcare,credit card,189475,US,medium,2,medium,0.7655433696892027,0.4556256153552002,0.725502114583812
finance,full name,22985,India,low,7,high,0.21019196871884638,0.7057590510369849,0.6251508804142749
healthcare,full name,986956,US,low,7,high,0.32344285510019677,0.820840236704851,0.664573715971306
healthcare,SSN,19509,India,high,6,high,0.8192342121024202,0.2363427433282096,1.0
finance,email,5341,Global,medium,9,low,0.5365256083934482,0.6613501398769954,0.5512556212221005
retail,full name,1066,US,high,3,low,0.8599407141834092,0.3919980438891485,0.6090400407760963
retail,full name,598,US,high,3,medium,0.21303531984326418,0.3687029240039613,0.671652099237626
healthcare,password,926,India,low,2,medium,0.6077784386068872,0.6900258239406547,0.48326090278615075
finance,email,37580,Global,high,4,medium,0.08379097254826162,0.38718327415593434,0.692787081453072
healthcare,password,60928,EU,medium,2,medium,0.6430609935400297,0.34610850016440764,0.5990731736956256
tech,email,932,Global,high,7,low,0.7625340377755347,0.8358884081262424,0.6355480292230131
tech,password,131936,India,high,6,medium,0.5849308939787217,0.10127612383100637,0.7747478758525623
healthcare,full name,8382,Global,high,2,medium,0.26623150149881025,0.6758926228302107,0.6520888168006981
retail,full name,29542,India,low,8,high,0.03134266885886672,0.24872539379062464,0.6613086280108965
retail,SSN,553734,India,medium,4,medium,0.11944888396428577,0.015498241826190307,0.708884658215817
healthcare,password,132412,EU,low,8,medium,0.6223029790740262,0.16676426887269202,0.6330603436454579
healthcare,credit card,12873,US,low,6,medium,0.9344202168425138,0.6066615297758677,0.7348849538563904
tech,SSN,3705,India,low,6,low,0.2065344039720064,0.7091271914859374,0.4895031319503872
retail,password,297,India,low,5,high,0.7350261491050988,0.021057783556320042,0.6882519033049671
healthcare,password,5227,EU,low,1,medium,0.8664510632490415,0.03642544330172015,0.40672051944886634
tech,SSN,14439,India,medium,8,medium,0.5208821784475111,0.9025421148429531,0.8660944179657329
retail,full name,3058,US,high,5,high,0.6692657958436578,0.07330581811371983,0.7691925298044281
finance,password,16940,EU,low,7,medium,0.8150153166761481,0.8941821586165712,0.595252139709775
tech,full name,25686,US,low,0,low,0.2606751577405936,0.22816591375090578,0.2096886701216036
retail,SSN,14048,US,medium,4,medium,0.296895674268043,0.7400178001582128,0.6693578086959213
retail,full name,6002,EU,medium,0,low,0.0006275166284561706,0.30973324894601206,0.281429138019187
tech,email,30862,India,high,9,low,0.9630941308978025,0.8587520256091838,0.7555603949874009
finance,credit card,53310,US,medium,7,medium,0.9175448945963448,0.7004548654243579,0.8282390531154568
tech,password,2487,US,high,7,high,0.7645682637594303,0.40181345860169515,0.9091881640998757
retail,credit card,370224,US,low,0,low,0.07907602097664812,0.07630245417407955,0.4430398355662748
healthcare,full name,18084,US,low,8,high,0.44750288969950813,0.732700183870807,0.6416572458194124
healthcare,password,22872,EU,high,1,medium,0.10189175397155281,0.6168847559651816,0.6600503429838489
tech,full name,90801,EU,medium,8,low,0.015920267262798604,0.0029117178337887406,0.48764176272398174
retail,email,35116,Global,high,0,medium,0.6161829652125973,0.009419855972445323,0.6167139008154056
healthcare,SSN,148193,Global,medium,9,high,0.9608294170801884,0.8087929731926939,1.0
retail,password,39114,US,low,8,medium,0.9028680234321501,0.25939973880185385,0.6160319053781641
tech,email,6471,India,medium,3,medium,0.6967548149354044,0.6361336677280657,0.6412267651637147
healthcare,email,45388,US,high,8,low,0.09664058416487142,0.45421441976524746,0.6538939137527666
retail,password,2236,India,high,6,medium,0.27416403767230013,0.8634300145217673,0.7248757034051266
healthcare,full name,27367,US,low,5,medium,0.32005672688529097,0.9169611131024886,0.4939341643335893
tech,email,20610,Global,medium,4,medium,0.7631500577455612,0.996807712678854,0.6348848509921078
retail,credit card,14527,Global,medium,8,low,0.8022491792351141,0.15368413580724682,0.7203591508654495
healthcare,email,17033,India,medium,1,high,0.3851061229899204,0.8629640464754754,0.5645632133444326
tech,full name,510,US,low,1,high,0.41788399661760967,0.2660213767288018,0.4897083747283594
healthcare,full name,7350,India,medium,8,medium,0.044509039276171336,0.5908158748955077,0.4811056960840094
healthcare,credit card,26520,Global,high,2,low,0.289136718418761,0.5057728338692109,0.6222000376771559
finance,email,30324,US,medium,7,medium,0.45128517717763994,0.017988131572387656,0.73984822673283
finance,full name,2820,US,low,8,high,0.11698304638525758,0.9327712799060948,0.5783638478997983
tech,password,276901,India,medium,7,low,0.45326746075502133,0.07832705514921845,0.5221695194983255
finance,SSN,3895,EU,medium,3,high,0.8531758122578004,0.6882189194077358,0.9974342216179413
tech,SSN,153110,India,high,0,high,0.5813210197250533,0.7850068362082621,0.8570040999058286
finance,SSN,51760,Global,medium,3,low,0.07892985503841232,0.7952878490476842,0.6157327038942397
healthcare,email,6048,Global,high,8,low,0.19167131883027433,0.1354945189288448,0.5685713657984677
tech,credit card,767291,Global,high,1,medium,0.4745443501585562,0.4475699505079721,0.799895355304467
tech,full name,2023,Global,low,2,medium,0.36148714982181207,0.8294288704339798,0.38703780348009675
healthcare,password,138456,Global,high,9,high,0.35872701954609876,0.30267921037875467,0.9059259327018242
tech,password,162944,EU,high,7,low,0.5292674481435902,0.4677486753746636,0.6950391565523483
tech,email,5760,US,low,5,low,0.5843959215894574,0.2727938926998458,0.4386883844354295
finance,SSN,356799,India,high,7,medium,0.7968615702761911,0.46355141788532417,0.9624392907410433
tech,email,13358,India,low,6,high,0.34096656346248466,0.8878379225928801,0.6778433346471431
retail,credit card,39237,Global,medium,4,high,0.8054662830405868,0.45512423103276944,0.9147712250745335
healthcare,credit card,37072,India,low,8,medium,0.33861122911263253,0.5559120170743204,0.7671606056840209
finance,full name,16837,Global,high,3,low,0.05543298894123383,0.40397628330308355,0.48935495148379404
finance,full name,111481,EU,low,5,medium,0.5541876510047912,0.4601171832033255,0.6019757051122409
retail,credit card,107686,EU,high,1,medium,0.5879023248948145,0.0151741990464217,0.8605205024542845
healthcare,credit card,667,US,medium,1,medium,0.9345402456218601,0.283745509960456,0.7075606522269361
healthcare,credit card,299144,EU,low,1,medium,0.7260613260624744,0.4365817217418244,0.6049281190033455
finance,email,792,EU,medium,9,low,0.9177726524944395,0.6337969759927289,0.5465365260588584
tech,credit card,173701,US,high,6,medium,0.9083472102430096,0.45005193055389214,0.9878475872155146
finance,password,209695,India,high,1,low,0.6045741102582421,0.33781704332156404,0.507789297414864
healthcare,SSN,2485,Global,medium,1,medium,0.5277620653364475,0.3880987353441572,0.68567552578533
retail,credit card,9685,Global,low,8,high,0.5574409671635999,0.24229332920046653,0.8624140794314236
finance,SSN,2412,India,low,6,low,0.9783308076772478,0.9244942827740529,0.7239244002214342
healthcare,email,14330,US,high,2,high,0.7731676917469589,0.5217432257909146,0.642980628971522
finance,SSN,11895,India,medium,2,medium,0.10626590479239584,0.013409453872123112,0.6457937465812662
tech,email,104748,EU,medium,6,medium,0.7784284067813999,0.019446258419546614,0.690656656773536
finance,password,302736,US,low,4,medium,0.17053804889822588,0.9729616349520416,0.5598994355375376
finance,email,359104,US,low,9,low,0.44735054900562565,0.22145089137324503,0.4684994953664916
healthcare,email,7155,US,low,5,high,0.21045967217653427,0.8056082888143147,0.6460302590245612
healthcare,full name,14494,Global,medium,7,low,0.6895830655332298,0.05827530156057448,0.6319511160984792
healthcare,credit card,759,India,low,8,low,0.8773097361930356,0.9211627366945491,0.6287331385291396
finance,credit card,4395,US,low,0,medium,0.29036188536668095,0.8744170036666784,0.5616525153280797
tech,password,151706,US,high,2,high,0.08201074120818763,0.5710931624345147,0.6916627797131508
retail,password,557470,US,low,6,medium,0.29849309807496327,0.008998657283255773,0.5071839935152233
retail,credit card,1865,India,low,5,low,0.6723618579321944,0.2578108740233376,0.6569445351583689
healthcare,full name,6734,Global,medium,6,medium,0.32876012755444994,0.40682264739846496,0.6813275992436517
healthcare,credit card,20893,EU,medium,7,high,0.2781121675538034,0.46006411674756176,0.9600443464991105
finance,full name,38573,Global,high,5,medium,0.18443519058426494,0.297678758562372,0.6644347848201598
retail,password,4362,US,low,2,high,0.49751642687443354,0.032947868245529977,0.5852692749805377
healthcare,SSN,51437,Global,high,1,high,0.2759488281571876,0.5901274059265421,0.9465065201593108
tech,password,8538,Global,medium,6,medium,0.7310103491394832,0.5241546676947559,0.6892285314947286
tech,password,21398,EU,high,0,low,0.07662240199220272,0.2830006354290777,0.3448722681402901
healthcare,email,65681,India,medium,2,medium,0.6640330331113176,0.03797596756960653,0.5856021129938374
healthcare,email,22311,India,high,3,low,0.23756001456776987,0.9945941872219402,0.46196115619626227
retail,email,9202,Global,high,0,low,0.48927926105160313,0.4819861868264059,0.37103799128160925
retail,email,17690,Global,low,4,medium,0.2860899220312606,0.7560042417740771,0.46187070746608677
finance,full name,18458,India,high,9,low,0.7227686760107956,0.4523140350513355,0.6476469778622795
retail,credit card,10508,India,low,2,low,0.9453070402516367,0.04317029086294144,0.4551682142976157
tech,SSN,13126,EU,low,1,medium,0.9170767794698133,0.30960074508550006,0.6880310170539093
tech,password,538904,US,low,2,medium,0.5834262151440911,0.3201101410059012,0.5628231217463828
healthcare,full name,67632,Global,low,7,medium,0.4626103032569784,0.838352904049016,0.6271654311360695
retail,SSN,12198,India,high,5,low,0.8183005094393818,0.6542299779998744,0.8010398255490913
finance,full name,88779,Global,medium,6,high,0.6833263626277299,0.27542990363947284,0.7912302306272174
tech,full name,11297,Global,medium,5,low,0.18356411421693286,0.967739954659086,0.4235397707160402
tech,password,230095,India,medium,5,high,0.8209192136130002,0.3215418323978714,0.8622374329149819
finance,credit card,46133,EU,high,2,medium,0.4288843893947102,0.9982340258287203,0.7997457640849538
finance,email,17772,Global,low,7,high,0.1889856599711751,0.9961636931702632,0.6457692923937924
tech,credit card,53929,EU,medium,6,medium,0.28179735039649245,0.1912105177467418,0.8589175662398094
tech,password,951,India,high,6,medium,0.26752703024834235,0.31274111618840017,0.7530734935308135
finance,password,2313,US,low,5,high,0.5192069746034601,0.4860441984846542,0.70078540961492
tech,password,2022,US,medium,4,medium,0.2343700906778755,0.664100671147891,0.5729495737410104
healthcare,SSN,29315,Global,low,9,high,0.12356648740157616,0.5280474490037993,0.8632384950128413
healthcare,credit card,704349,India,medium,7,medium,0.12369085061376073,0.9694414691322568,0.8613574459084443
finance,credit card,1909974,EU,medium,4,low,0.5832761971390966,0.7239891642356915,0.6945690408134143
retail,full name,78913,Global,medium,8,low,0.7347592888493786,0.2120448493829744,0.5380046869052632
finance,full name,59975,India,low,8,medium,0.3215330088383408,0.10509755021363831,0.5780013290648846
finance,full name,600,India,high,0,medium,0.03465070981401708,0.6884012907093567,0.6508535749282142
retail,password,7440,EU,low,5,high,0.12722488693701073,0.158452440180763,0.6004018847384784
retail,credit card,4557,Global,medium,6,low,0.9146945603370571,0.7876768403357541,0.7620207459353296
retail,password,6363,India,low,2,high,0.493543659589453,0.31103666726033696,0.6738826168400414
healthcare,SSN,15736,India,high,6,medium,0.45357280961517477,0.3268932630556065,0.8329052211681445
tech,full name,8568,India,low,6,medium,0.038049178310090914,0.010798392389511968,0.5198271359324304
healthcare,password,420,EU,high,1,high,0.7286370223168991,0.7010112670950407,0.7529572114262838
tech,password,98304,Global,high,6,medium,0.5280680809320789,0.11326975306468579,0.6928628751295131
healthcare,SSN,2577,Global,low,0,low,0.20208093608652078,0.7728805774635181,0.3474095327096249
tech,email,35542,Global,medium,4,high,0.11007376018105719,0.4918678219172068,0.6324383121654025
healthcare,credit card,1394665,Global,high,8,low,0.3833878636319985,0.7842798149545691,0.8312230597807421
retail,email,3502,US,low,6,low,0.8371619641950256,0.5839265391977413,0.3770838286631226
finance,full name,139,US,high,6,low,0.8652945592010245,0.08243327201899076,0.7609955870191298
healthcare,password,12431,Global,medium,1,high,0.6028463803956364,0.7656523367051831,0.674779508702461
tech,SSN,199171,EU,low,7,medium,0.7275364272301427,0.06979948489474974,0.7200625637116622
retail,SSN,1106480,US,low,2,low,0.11515578740287036,0.47870172056933225,0.47283655148388587
healthcare,credit card,1883,India,low,7,low,0.5881260654678548,0.1723492141449633,0.638661590222661
healthcare,email,59480,US,medium,2,low,0.6669657034871818,0.752335177977885,0.4247581891091845
retail,credit card,8685,India,high,9,medium,0.2007128429137922,0.9115912278061266,0.8839984401625861
healthcare,password,17820,Global,low,6,medium,0.8801547329102589,0.5541261633582742,0.6453986373914001
finance,credit card,4363070,US,high,1,high,0.19499673752101976,0.5271472942991805,0.8556456920394985
healthcare,SSN,1090,EU,high,3,medium,0.3134773598464504,0.7639631963256179,0.7868857103713858
finance,SSN,36588,US,medium,5,high,0.6205568470234586,0.005078812975727209,0.8448929299975373
finance,full name,56127,US,low,8,high,0.6383500651307308,0.9177586426351607,0.6713055554712164
retail,full name,193217,US,high,4,high,0.6993847409873672,0.1974488170911317,0.8147735813168755
healthcare,password,26794,Global,low,8,high,0.11201171306820568,0.9841188838262372,0.7193255355163943
retail,email,40786,EU,low,4,high,0.8494644299285553,0.7362539479604622,0.6979843904807176
healthcare,credit card,10063,US,medium,9,low,0.5328471322832599,0.774251147700671,0.6807813365126223
healthcare,password,37731,EU,low,7,medium,0.47132179410506836,0.6562029803736066,0.5765724814258872
tech,full name,11087,Global,low,0,low,0.9810976245135096,0.4716631827851603,0.3476773764289359
healthcare,credit card,76354,India,high,6,high,0.7403782969410198,0.5716276933611655,1.0
retail,full name,10517,US,medium,3,medium,0.11800602661937487,0.046402886015125655,0.5644713406556525
finance,credit card,46826,EU,low,4,low,0.7565391672262407,0.6239595094320143,0.5104851464479082
healthcare,email,20774,EU,high,5,low,0.09524893397286949,0.6260981019870467,0.5533539505448797
tech,password,209420,Global,medium,4,high,0.027470562512984853,0.8912007974018095,0.6729601396122529
retail,credit card,19874,US,medium,0,low,0.4036258952698971,0.5056563574302194,0.48580300217830424
healthcare,SSN,635,India,high,8,low,0.9935781728192187,0.07714437408606101,0.886061212874715
retail,SSN,274812,EU,high,1,low,0.17488393619486264,0.3061959204820812,0.6357560855902888
tech,credit card,3599,US,high,8,low,0.67264434352679,0.6556294121143175,0.7713165426177022
tech,credit card,5957,India,high,9,low,0.17339606620611936,0.2392588627514639,0.7423288808330681
retail,credit card,6692,EU,high,1,high,0.7247869749583861,0.2805278218554009,0.8681100208348238
healthcare,SSN,344164,EU,low,8,high,0.5053536682378261,0.8204690163608535,0.9199616551292933
finance,SSN,307,India,low,5,low,0.6799717100893763,0.584319731762709,0.6806716974972297
tech,credit card,11704653,India,medium,8,high,0.2028731759142346,0.5085274317735725,0.897106248834578
healthcare,full name,182064,Global,low,5,high,0.745628332520502,0.31845196680580434,0.666208070974206
healthcare,full name,34422,US,low,5,medium,0.9956190596227067,0.7309280359330333,0.6416776475221372
finance,email,19736,US,low,1,low,0.6656505006259598,0.2877184344900293,0.26120449610110985
tech,password,38991,Global,high,7,high,0.4934799980728777,0.7370635176441752,0.9425934161864117
tech,full name,62457,EU,medium,2,high,0.9231739886192648,0.070101480267442,0.7012739357088159
healthcare,SSN,80051,India,medium,6,low,0.0158518422318763,0.8645413415820836,0.5443981990756896
healthcare,full name,66917,India,medium,4,medium,0.7299235192858211,0.4995664633759328,0.5779706729099975
finance,email,26348,India,medium,2,low,0.8887465168138129,0.43850801669897,0.4319819483188418
finance,email,14843,EU,low,0,medium,0.06167458362095746,0.6110234115419245,0.417314886101638
tech,password,16276,India,low,7,low,0.4500641704157582,0.6241920728962704,0.4003796871221269
retail,full name,14915,India,high,2,low,0.2047194539499989,0.13203517688999555,0.45376691532960167
tech,SSN,212679,Global,medium,1,low,0.5665181655878301,0.7562335898162132,0.547208027897913
healthcare,SSN,72194,EU,low,0,low,0.6495429586036605,0.2759282979500629,0.3315160480573156
tech,credit card,61,US,low,3,medium,0.302623182928755,0.904961880169914,0.6351899823457579
retail,SSN,81781,Global,high,7,medium,0.45998166967810084,0.8178506634148325,0.8688111626628552
finance,password,32515,Global,high,2,high,0.2793394852765595,0.3462660415347485,0.7662931590007452
retail,password,21217,US,high,0,low,0.3693911644551138,0.8077392932007145,0.3965002123336417
retail,SSN,10127,Global,low,3,medium,0.15953995668842358,0.3563904992999042,0.5588515386581016
retail,SSN,208610,EU,low,8,medium,0.8855594435856314,0.10094768163604062,0.8021957755851529
finance,credit card,146539,India,high,0,medium,0.010010410559136429,0.961888238725708,0.740700566530967
retail,SSN,4694,EU,medium,1,low,0.8824091864437885,0.65260201521544,0.5870539114472383
retail,credit card,49717,US,high,8,high,0.5716788783497385,0.4560995266625917,1.0
retail,credit card,3154,US,high,1,medium,0.3316578441770175,0.39777335153103965,0.7742558948885634
healthcare,SSN,1395,Global,high,2,low,0.7230571254603297,0.324705334258264,0.7014218069341162
retail,email,6289,EU,high,6,medium,0.5077521518626643,0.9814475954291293,0.8031770249886916
finance,email,123597,EU,low,2,medium,0.4991086581076065,0.1347472651309074,0.44019681330741295
retail,credit card,148189,US,medium,8,high,0.11014228291896644,0.3148050589205683,0.9437393757309338
retail,SSN,61461,EU,high,5,medium,0.3895160259454087,0.4854976402826635,0.8490420913354809
finance,email,93919,US,medium,2,medium,0.24106434585673664,0.4779995450543114,0.5886760977667423
retail,SSN,61843,EU,medium,8,low,0.015695905596279647,0.47136648440784346,0.6906917729990523
finance,SSN,6106,EU,medium,0,low,0.36009963078211327,0.17578381583038183,0.5950550133074468
retail,SSN,52252,EU,high,9,high,0.08982212942560475,0.14493252710950055,1.0
finance,full name,109187,US,low,2,low,0.2568300377251852,0.25476758632862007,0.33113798809989803
retail,SSN,99566,Global,high,0,low,0.09251662118309445,0.914526153802056,0.48122474771767926
retail,full name,237477,EU,medium,1,high,0.10094162555639885,0.11305296783451013,0.6371789996709261
healthcare,credit card,90817,US,medium,7,medium,0.19901129441518828,0.7574251033733248,0.878723930559732
healthcare,email,44484,US,low,6,high,0.9998492444864002,0.7575483931333713,0.8052209891180626
retail,email,187268,EU,high,1,low,0.002184142857248772,0.8097704038972623,0.4362417319027999
retail,email,20888,EU,medium,1,high,0.6386726361204053,0.8866154889893555,0.62677259480664
tech,email,3775,Global,low,8,medium,0.14124369802655734,0.26303617753893027,0.5096486310388247
